,M_atk_dice,N_def_dice,Phr,Ph,Pe,atk_tl,atk_f,def_f,def_num_ev,EV_res,atk_ev,def_ev,pe,ph
0,1,1,[0.3516 0.6484],,,True,True,True,0,0.3516,0.9375,True,[0.625 0.375],[0.9375 0.0625]
1,1,1,[0. 1.],,,True,True,True,1,0.0,0.9375,True,[1. 0.],[0.9375 0.0625]
2,1,1,[0. 1.],,,True,True,True,2,0.0,0.9375,True,[1. 0.],[0.9375 0.0625]
3,1,1,[0.5859 0.4141],,,True,True,False,0,0.5859,0.9375,False,[0.375 0.625],[0.9375 0.0625]
4,1,1,[0. 1.],,,True,True,False,1,0.0,0.9375,False,[1. 0.],[0.9375 0.0625]
5,1,1,[0. 1.],,,True,True,False,2,0.0,0.9375,False,[1. 0.],[0.9375 0.0625]
6,1,1,[0.2812 0.7188],,,False,True,True,0,0.2812,0.75,True,[0.625 0.375],[0.75 0.25]
7,1,1,[0. 1.],,,False,True,True,1,0.0,0.75,True,[1. 0.],[0.75 0.25]
8,1,1,[0. 1.],,,False,True,True,2,0.0,0.75,True,[1. 0.],[0.75 0.25]
9,1,1,[0.4688 0.5312],,,False,True,False,0,0.4688,0.75,False,[0.375 0.625],[0.75 0.25]
10,1,1,[0. 1.],,,False,True,False,1,0.0,0.75,False,[1. 0.],[0.75 0.25]
11,1,1,[0. 1.],,,False,True,False,2,0.0,0.75,False,[1. 0.],[0.75 0.25]
12,1,1,[0.2812 0.7188],,,True,False,True,0,0.2812,0.75,True,[0.625 0.375],[0.75 0.25]
13,1,1,[0. 1.],,,True,False,True,1,0.0,0.75,True,[1. 0.],[0.75 0.25]
14,1,1,[0. 1.],,,True,False,True,2,0.0,0.75,True,[1. 0.],[0.75 0.25]
15,1,1,[0.4688 0.5312],,,True,False,False,0,0.4688,0.75,False,[0.375 0.625],[0.75 0.25]
16,1,1,[0. 1.],,,True,False,False,1,0.0,0.75,False,[1. 0.],[0.75 0.25]
17,1,1,[0. 1.],,,True,False,False,2,0.0,0.75,False,[1. 0.],[0.75 0.25]
18,1,1,[0.1875 0.8125],,,False,False,True,0,0.1875,0.5,True,[0.625 0.375],[0.5 0.5]
19,1,1,[0. 1.],,,False,False,True,1,0.0,0.5,True,[1. 0.],[0.5 0.5]
20,1,1,[0. 1.],,,False,False,True,2,0.0,0.5,True,[1. 0.],[0.5 0.5]
21,1,1,[0.3125 0.6875],,,False,False,False,0,0.3125,0.5,False,[0.375 0.625],[0.5 0.5]
22,1,1,[0. 1.],,,False,False,False,1,0.0,0.5,False,[1. 0.],[0.5 0.5]
23,1,1,[0. 1.],,,False,False,False,2,0.0,0.5,False,[1. 0.],[0.5 0.5]
24,1,2,[0.1318 0.8682],,,True,True,True,0,0.1318,0.9375,True,[0.3906 0.4688 0.1406],[0.     0.9375 0.0625]
25,1,2,[0. 1.],,,True,True,True,1,0.0,0.9375,True,[0.1406 0.8594 0.    ],[0.     0.9375 0.0625]
26,1,2,[0. 1.],,,True,True,True,2,0.0,0.9375,True,[1. 0. 0.],[0.     0.9375 0.0625]
27,1,2,[0.3662 0.6338],,,True,True,False,0,0.3662,0.9375,False,[0.1406 0.4688 0.3906],[0.     0.9375 0.0625]
28,1,2,[0. 1.],,,True,True,False,1,0.0,0.9375,False,[0.1406 0.8594 0.    ],[0.     0.9375 0.0625]
29,1,2,[0. 1.],,,True,True,False,2,0.0,0.9375,False,[1. 0. 0.],[0.     0.9375 0.0625]
30,1,2,[0.1055 0.8945],,,False,True,True,0,0.1055,0.75,True,[0.3906 0.4688 0.1406],[0.   0.75 0.25]
31,1,2,[0. 1.],,,False,True,True,1,0.0,0.75,True,[0.1406 0.8594 0.    ],[0.   0.75 0.25]
32,1,2,[0. 1.],,,False,True,True,2,0.0,0.75,True,[1. 0. 0.],[0.   0.75 0.25]
33,1,2,[0.293 0.707],,,False,True,False,0,0.293,0.75,False,[0.1406 0.4688 0.3906],[0.   0.75 0.25]
34,1,2,[0. 1.],,,False,True,False,1,0.0,0.75,False,[0.1406 0.8594 0.    ],[0.   0.75 0.25]
35,1,2,[0. 1.],,,False,True,False,2,0.0,0.75,False,[1. 0. 0.],[0.   0.75 0.25]
36,1,2,[0.1055 0.8945],,,True,False,True,0,0.1055,0.75,True,[0.3906 0.4688 0.1406],[0.   0.75 0.25]
37,1,2,[0. 1.],,,True,False,True,1,0.0,0.75,True,[0.1406 0.8594 0.    ],[0.   0.75 0.25]
38,1,2,[0. 1.],,,True,False,True,2,0.0,0.75,True,[1. 0. 0.],[0.   0.75 0.25]
39,1,2,[0.293 0.707],,,True,False,False,0,0.293,0.75,False,[0.1406 0.4688 0.3906],[0.   0.75 0.25]
40,1,2,[0. 1.],,,True,False,False,1,0.0,0.75,False,[0.1406 0.8594 0.    ],[0.   0.75 0.25]
41,1,2,[0. 1.],,,True,False,False,2,0.0,0.75,False,[1. 0. 0.],[0.   0.75 0.25]
42,1,2,[0.0703 0.9297],,,False,False,True,0,0.0703,0.5,True,[0.3906 0.4688 0.1406],[0.  0.5 0.5]
43,1,2,[0. 1.],,,False,False,True,1,0.0,0.5,True,[0.1406 0.8594 0.    ],[0.  0.5 0.5]
44,1,2,[0. 1.],,,False,False,True,2,0.0,0.5,True,[1. 0. 0.],[0.  0.5 0.5]
45,1,2,[0.1953 0.8047],,,False,False,False,0,0.1953,0.5,False,[0.1406 0.4688 0.3906],[0.  0.5 0.5]
46,1,2,[0. 1.],,,False,False,False,1,0.0,0.5,False,[0.1406 0.8594 0.    ],[0.  0.5 0.5]
47,1,2,[0. 1.],,,False,False,False,2,0.0,0.5,False,[1. 0. 0.],[0.  0.5 0.5]
48,1,3,[0.0494 0.9506],,,True,True,True,0,0.0494,0.9375,True,[0.2441 0.4395 0.2637 0.0527],[0.     0.     0.9375 0.0625]
49,1,3,[0. 1.],,,True,True,True,1,0.0,0.9375,True,[0.0527 0.2637 0.6836 0.    ],[0.     0.     0.9375 0.0625]
50,1,3,[0. 1.],,,True,True,True,2,0.0,0.9375,True,[0.0527 0.9473 0.     0.    ],[0.     0.     0.9375 0.0625]
51,1,3,[0.2289 0.7711],,,True,True,False,0,0.2289,0.9375,False,[0.0527 0.2637 0.4395 0.2441],[0.     0.     0.9375 0.0625]
52,1,3,[0. 1.],,,True,True,False,1,0.0,0.9375,False,[0.0527 0.2637 0.6836 0.    ],[0.     0.     0.9375 0.0625]
53,1,3,[0. 1.],,,True,True,False,2,0.0,0.9375,False,[0.0527 0.9473 0.     0.    ],[0.     0.     0.9375 0.0625]
54,1,3,[0.0396 0.9604],,,False,True,True,0,0.0396,0.75,True,[0.2441 0.4395 0.2637 0.0527],[0.   0.   0.75 0.25]
55,1,3,[0. 1.],,,False,True,True,1,0.0,0.75,True,[0.0527 0.2637 0.6836 0.    ],[0.   0.   0.75 0.25]
56,1,3,[0. 1.],,,False,True,True,2,0.0,0.75,True,[0.0527 0.9473 0.     0.    ],[0.   0.   0.75 0.25]
57,1,3,[0.1831 0.8169],,,False,True,False,0,0.1831,0.75,False,[0.0527 0.2637 0.4395 0.2441],[0.   0.   0.75 0.25]
58,1,3,[0. 1.],,,False,True,False,1,0.0,0.75,False,[0.0527 0.2637 0.6836 0.    ],[0.   0.   0.75 0.25]
59,1,3,[0. 1.],,,False,True,False,2,0.0,0.75,False,[0.0527 0.9473 0.     0.    ],[0.   0.   0.75 0.25]
60,1,3,[0.0396 0.9604],,,True,False,True,0,0.0396,0.75,True,[0.2441 0.4395 0.2637 0.0527],[0.   0.   0.75 0.25]
61,1,3,[0. 1.],,,True,False,True,1,0.0,0.75,True,[0.0527 0.2637 0.6836 0.    ],[0.   0.   0.75 0.25]
62,1,3,[0. 1.],,,True,False,True,2,0.0,0.75,True,[0.0527 0.9473 0.     0.    ],[0.   0.   0.75 0.25]
63,1,3,[0.1831 0.8169],,,True,False,False,0,0.1831,0.75,False,[0.0527 0.2637 0.4395 0.2441],[0.   0.   0.75 0.25]
64,1,3,[0. 1.],,,True,False,False,1,0.0,0.75,False,[0.0527 0.2637 0.6836 0.    ],[0.   0.   0.75 0.25]
65,1,3,[0. 1.],,,True,False,False,2,0.0,0.75,False,[0.0527 0.9473 0.     0.    ],[0.   0.   0.75 0.25]
66,1,3,[0.0264 0.9736],,,False,False,True,0,0.0264,0.5,True,[0.2441 0.4395 0.2637 0.0527],[0.  0.  0.5 0.5]
67,1,3,[0. 1.],,,False,False,True,1,0.0,0.5,True,[0.0527 0.2637 0.6836 0.    ],[0.  0.  0.5 0.5]
68,1,3,[0. 1.],,,False,False,True,2,0.0,0.5,True,[0.0527 0.9473 0.     0.    ],[0.  0.  0.5 0.5]
69,1,3,[0.1221 0.8779],,,False,False,False,0,0.1221,0.5,False,[0.0527 0.2637 0.4395 0.2441],[0.  0.  0.5 0.5]
70,1,3,[0. 1.],,,False,False,False,1,0.0,0.5,False,[0.0527 0.2637 0.6836 0.    ],[0.  0.  0.5 0.5]
71,1,3,[0. 1.],,,False,False,False,2,0.0,0.5,False,[0.0527 0.9473 0.     0.    ],[0.  0.  0.5 0.5]
72,1,4,[0.0185 0.9815],,,True,True,True,0,0.0185,0.9375,True,[0.1526 0.3662 0.3296 0.1318 0.0198],[0.     0.     0.     0.9375 0.0625]
73,1,4,[0. 1.],,,True,True,True,1,0.0,0.9375,True,[0.0198 0.1318 0.3296 0.5188 0.    ],[0.     0.     0.     0.9375 0.0625]
74,1,4,[0. 1.],,,True,True,True,2,0.0,0.9375,True,[0.0198 0.1318 0.8484 0.     0.    ],[0.     0.     0.     0.9375 0.0625]
75,1,4,[0.1431 0.8569],,,True,True,False,0,0.1431,0.9375,False,[0.0198 0.1318 0.3296 0.3662 0.1526],[0.     0.     0.     0.9375 0.0625]
76,1,4,[0. 1.],,,True,True,False,1,0.0,0.9375,False,[0.0198 0.1318 0.3296 0.5188 0.    ],[0.     0.     0.     0.9375 0.0625]
77,1,4,[0. 1.],,,True,True,False,2,0.0,0.9375,False,[0.0198 0.1318 0.8484 0.     0.    ],[0.     0.     0.     0.9375 0.0625]
78,1,4,[0.0148 0.9852],,,False,True,True,0,0.0148,0.75,True,[0.1526 0.3662 0.3296 0.1318 0.0198],[0.   0.   0.   0.75 0.25]
79,1,4,[0. 1.],,,False,True,True,1,0.0,0.75,True,[0.0198 0.1318 0.3296 0.5188 0.    ],[0.   0.   0.   0.75 0.25]
80,1,4,[0. 1.],,,False,True,True,2,0.0,0.75,True,[0.0198 0.1318 0.8484 0.     0.    ],[0.   0.   0.   0.75 0.25]
81,1,4,[0.1144 0.8856],,,False,True,False,0,0.1144,0.75,False,[0.0198 0.1318 0.3296 0.3662 0.1526],[0.   0.   0.   0.75 0.25]
82,1,4,[0. 1.],,,False,True,False,1,0.0,0.75,False,[0.0198 0.1318 0.3296 0.5188 0.    ],[0.   0.   0.   0.75 0.25]
83,1,4,[0. 1.],,,False,True,False,2,0.0,0.75,False,[0.0198 0.1318 0.8484 0.     0.    ],[0.   0.   0.   0.75 0.25]
84,1,4,[0.0148 0.9852],,,True,False,True,0,0.0148,0.75,True,[0.1526 0.3662 0.3296 0.1318 0.0198],[0.   0.   0.   0.75 0.25]
85,1,4,[0. 1.],,,True,False,True,1,0.0,0.75,True,[0.0198 0.1318 0.3296 0.5188 0.    ],[0.   0.   0.   0.75 0.25]
86,1,4,[0. 1.],,,True,False,True,2,0.0,0.75,True,[0.0198 0.1318 0.8484 0.     0.    ],[0.   0.   0.   0.75 0.25]
87,1,4,[0.1144 0.8856],,,True,False,False,0,0.1144,0.75,False,[0.0198 0.1318 0.3296 0.3662 0.1526],[0.   0.   0.   0.75 0.25]
88,1,4,[0. 1.],,,True,False,False,1,0.0,0.75,False,[0.0198 0.1318 0.3296 0.5188 0.    ],[0.   0.   0.   0.75 0.25]
89,1,4,[0. 1.],,,True,False,False,2,0.0,0.75,False,[0.0198 0.1318 0.8484 0.     0.    ],[0.   0.   0.   0.75 0.25]
90,1,4,[0.0099 0.9901],,,False,False,True,0,0.0099,0.5,True,[0.1526 0.3662 0.3296 0.1318 0.0198],[0.  0.  0.  0.5 0.5]
91,1,4,[0. 1.],,,False,False,True,1,0.0,0.5,True,[0.0198 0.1318 0.3296 0.5188 0.    ],[0.  0.  0.  0.5 0.5]
92,1,4,[0. 1.],,,False,False,True,2,0.0,0.5,True,[0.0198 0.1318 0.8484 0.     0.    ],[0.  0.  0.  0.5 0.5]
93,1,4,[0.0763 0.9237],,,False,False,False,0,0.0763,0.5,False,[0.0198 0.1318 0.3296 0.3662 0.1526],[0.  0.  0.  0.5 0.5]
94,1,4,[0. 1.],,,False,False,False,1,0.0,0.5,False,[0.0198 0.1318 0.3296 0.5188 0.    ],[0.  0.  0.  0.5 0.5]
95,1,4,[0. 1.],,,False,False,False,2,0.0,0.5,False,[0.0198 0.1318 0.8484 0.     0.    ],[0.  0.  0.  0.5 0.5]
96,1,5,[0.007 0.993],,,True,True,True,0,0.007,0.9375,True,[0.0954 0.2861 0.3433 0.206  0.0618 0.0074],[0.     0.     0.     0.     0.9375 0.0625]
97,1,5,[0. 1.],,,True,True,True,1,0.0,0.9375,True,[0.0074 0.0618 0.206  0.3433 0.3815 0.    ],[0.     0.     0.     0.     0.9375 0.0625]
98,1,5,[0. 1.],,,True,True,True,2,0.0,0.9375,True,[0.0074 0.0618 0.206  0.7248 0.     0.    ],[0.     0.     0.     0.     0.9375 0.0625]
99,1,5,[0.0894 0.9106],,,True,True,False,0,0.0894,0.9375,False,[0.0074 0.0618 0.206  0.3433 0.2861 0.0954],[0.     0.     0.     0.     0.9375 0.0625]
100,1,5,[0. 1.],,,True,True,False,1,0.0,0.9375,False,[0.0074 0.0618 0.206  0.3433 0.3815 0.    ],[0.     0.     0.     0.     0.9375 0.0625]
101,1,5,[0. 1.],,,True,True,False,2,0.0,0.9375,False,[0.0074 0.0618 0.206  0.7248 0.     0.    ],[0.     0.     0.     0.     0.9375 0.0625]
102,1,5,[0.0056 0.9944],,,False,True,True,0,0.0056,0.75,True,[0.0954 0.2861 0.3433 0.206  0.0618 0.0074],[0.   0.   0.   0.   0.75 0.25]
103,1,5,[0. 1.],,,False,True,True,1,0.0,0.75,True,[0.0074 0.0618 0.206  0.3433 0.3815 0.    ],[0.   0.   0.   0.   0.75 0.25]
104,1,5,[0. 1.],,,False,True,True,2,0.0,0.75,True,[0.0074 0.0618 0.206  0.7248 0.     0.    ],[0.   0.   0.   0.   0.75 0.25]
105,1,5,[0.0715 0.9285],,,False,True,False,0,0.0715,0.75,False,[0.0074 0.0618 0.206  0.3433 0.2861 0.0954],[0.   0.   0.   0.   0.75 0.25]
106,1,5,[0. 1.],,,False,True,False,1,0.0,0.75,False,[0.0074 0.0618 0.206  0.3433 0.3815 0.    ],[0.   0.   0.   0.   0.75 0.25]
107,1,5,[0. 1.],,,False,True,False,2,0.0,0.75,False,[0.0074 0.0618 0.206  0.7248 0.     0.    ],[0.   0.   0.   0.   0.75 0.25]
108,1,5,[0.0056 0.9944],,,True,False,True,0,0.0056,0.75,True,[0.0954 0.2861 0.3433 0.206  0.0618 0.0074],[0.   0.   0.   0.   0.75 0.25]
109,1,5,[0. 1.],,,True,False,True,1,0.0,0.75,True,[0.0074 0.0618 0.206  0.3433 0.3815 0.    ],[0.   0.   0.   0.   0.75 0.25]
110,1,5,[0. 1.],,,True,False,True,2,0.0,0.75,True,[0.0074 0.0618 0.206  0.7248 0.     0.    ],[0.   0.   0.   0.   0.75 0.25]
111,1,5,[0.0715 0.9285],,,True,False,False,0,0.0715,0.75,False,[0.0074 0.0618 0.206  0.3433 0.2861 0.0954],[0.   0.   0.   0.   0.75 0.25]
112,1,5,[0. 1.],,,True,False,False,1,0.0,0.75,False,[0.0074 0.0618 0.206  0.3433 0.3815 0.    ],[0.   0.   0.   0.   0.75 0.25]
113,1,5,[0. 1.],,,True,False,False,2,0.0,0.75,False,[0.0074 0.0618 0.206  0.7248 0.     0.    ],[0.   0.   0.   0.   0.75 0.25]
114,1,5,[0.0037 0.9963],,,False,False,True,0,0.0037,0.5,True,[0.0954 0.2861 0.3433 0.206  0.0618 0.0074],[0.  0.  0.  0.  0.5 0.5]
115,1,5,[0. 1.],,,False,False,True,1,0.0,0.5,True,[0.0074 0.0618 0.206  0.3433 0.3815 0.    ],[0.  0.  0.  0.  0.5 0.5]
116,1,5,[0. 1.],,,False,False,True,2,0.0,0.5,True,[0.0074 0.0618 0.206  0.7248 0.     0.    ],[0.  0.  0.  0.  0.5 0.5]
117,1,5,[0.0477 0.9523],,,False,False,False,0,0.0477,0.5,False,[0.0074 0.0618 0.206  0.3433 0.2861 0.0954],[0.  0.  0.  0.  0.5 0.5]
118,1,5,[0. 1.],,,False,False,False,1,0.0,0.5,False,[0.0074 0.0618 0.206  0.3433 0.3815 0.    ],[0.  0.  0.  0.  0.5 0.5]
119,1,5,[0. 1.],,,False,False,False,2,0.0,0.5,False,[0.0074 0.0618 0.206  0.7248 0.     0.    ],[0.  0.  0.  0.  0.5 0.5]
120,2,1,[0.3296 0.5933 0.0771],,,True,True,True,0,1.2524,1.875,True,[0.625 0.375],[0.8789 0.1172 0.0039]
121,2,1,[0.     0.8789 0.1211],,,True,True,True,1,0.8789,1.875,True,[1. 0.],[0.8789 0.1172 0.0039]
122,2,1,[0.     0.8789 0.1211],,,True,True,True,2,0.8789,1.875,True,[1. 0.],[0.8789 0.1172 0.0039]
123,2,1,[0.5493 0.4028 0.0479],,,True,True,False,0,1.5015,1.875,False,[0.375 0.625],[0.8789 0.1172 0.0039]
124,2,1,[0.     0.8789 0.1211],,,True,True,False,1,0.8789,1.875,False,[1. 0.],[0.8789 0.1172 0.0039]
125,2,1,[0.     0.8789 0.1211],,,True,True,False,2,0.8789,1.875,False,[1. 0.],[0.8789 0.1172 0.0039]
126,2,1,[0.2109 0.4922 0.2969],,,False,True,True,0,0.9141,1.5,True,[0.625 0.375],[0.5625 0.375  0.0625]
127,2,1,[0.     0.5625 0.4375],,,False,True,True,1,0.5625,1.5,True,[1. 0.],[0.5625 0.375  0.0625]
128,2,1,[0.     0.5625 0.4375],,,False,True,True,2,0.5625,1.5,True,[1. 0.],[0.5625 0.375  0.0625]
129,2,1,[0.3516 0.4453 0.2031],,,False,True,False,0,1.1484,1.5,False,[0.375 0.625],[0.5625 0.375  0.0625]
130,2,1,[0.     0.5625 0.4375],,,False,True,False,1,0.5625,1.5,False,[1. 0.],[0.5625 0.375  0.0625]
131,2,1,[0.     0.5625 0.4375],,,False,True,False,2,0.5625,1.5,False,[1. 0.],[0.5625 0.375  0.0625]
132,2,1,[0.2109 0.4922 0.2969],,,True,False,True,0,0.9141,1.5,True,[0.625 0.375],[0.5625 0.375  0.0625]
133,2,1,[0.     0.5625 0.4375],,,True,False,True,1,0.5625,1.5,True,[1. 0.],[0.5625 0.375  0.0625]
134,2,1,[0.     0.5625 0.4375],,,True,False,True,2,0.5625,1.5,True,[1. 0.],[0.5625 0.375  0.0625]
135,2,1,[0.3516 0.4453 0.2031],,,True,False,False,0,1.1484,1.5,False,[0.375 0.625],[0.5625 0.375  0.0625]
136,2,1,[0.     0.5625 0.4375],,,True,False,False,1,0.5625,1.5,False,[1. 0.],[0.5625 0.375  0.0625]
137,2,1,[0.     0.5625 0.4375],,,True,False,False,2,0.5625,1.5,False,[1. 0.],[0.5625 0.375  0.0625]
138,2,1,[0.0938 0.3438 0.5625],,,False,False,True,0,0.5312,1.0,True,[0.625 0.375],[0.25 0.5  0.25]
139,2,1,[0.   0.25 0.75],,,False,False,True,1,0.25,1.0,True,[1. 0.],[0.25 0.5  0.25]
140,2,1,[0.   0.25 0.75],,,False,False,True,2,0.25,1.0,True,[1. 0.],[0.25 0.5  0.25]
141,2,1,[0.1562 0.4062 0.4375],,,False,False,False,0,0.7188,1.0,False,[0.375 0.625],[0.25 0.5  0.25]
142,2,1,[0.   0.25 0.75],,,False,False,False,1,0.25,1.0,False,[1. 0.],[0.25 0.5  0.25]
143,2,1,[0.   0.25 0.75],,,False,False,False,2,0.25,1.0,False,[1. 0.],[0.25 0.5  0.25]
144,2,2,[0.1236 0.4285 0.4479],,,True,True,True,0,0.6757,1.875,True,[0.3906 0.4688 0.1406],[0.8789 0.1172 0.0039]
145,2,2,[0.     0.7553 0.2447],,,True,True,True,1,0.7553,1.875,True,[0.1406 0.8594 0.    ],[0.8789 0.1172 0.0039]
146,2,2,[0. 0. 1.],,,True,True,True,2,0.0,1.875,True,[1. 0. 0.],[0.8789 0.1172 0.0039]
147,2,2,[0.3433 0.4578 0.1989],,,True,True,False,0,1.1444,1.875,False,[0.1406 0.4688 0.3906],[0.8789 0.1172 0.0039]
148,2,2,[0.     0.7553 0.2447],,,True,True,False,1,0.7553,1.875,False,[0.1406 0.8594 0.    ],[0.8789 0.1172 0.0039]
149,2,2,[0. 0. 1.],,,True,True,False,2,0.0,1.875,False,[1. 0. 0.],[0.8789 0.1172 0.0039]
150,2,2,[0.0791 0.3164 0.6045],,,False,True,True,0,0.4746,1.5,True,[0.3906 0.4688 0.1406],[0.5625 0.375  0.0625]
151,2,2,[0.     0.4834 0.5166],,,False,True,True,1,0.4834,1.5,True,[0.1406 0.8594 0.    ],[0.5625 0.375  0.0625]
152,2,2,[0. 0. 1.],,,False,True,True,2,0.0,1.5,True,[1. 0. 0.],[0.5625 0.375  0.0625]
153,2,2,[0.2197 0.4102 0.3701],,,False,True,False,0,0.8496,1.5,False,[0.1406 0.4688 0.3906],[0.5625 0.375  0.0625]
154,2,2,[0.     0.4834 0.5166],,,False,True,False,1,0.4834,1.5,False,[0.1406 0.8594 0.    ],[0.5625 0.375  0.0625]
155,2,2,[0. 0. 1.],,,False,True,False,2,0.0,1.5,False,[1. 0. 0.],[0.5625 0.375  0.0625]
156,2,2,[0.0791 0.3164 0.6045],,,True,False,True,0,0.4746,1.5,True,[0.3906 0.4688 0.1406],[0.5625 0.375  0.0625]
157,2,2,[0.     0.4834 0.5166],,,True,False,True,1,0.4834,1.5,True,[0.1406 0.8594 0.    ],[0.5625 0.375  0.0625]
158,2,2,[0. 0. 1.],,,True,False,True,2,0.0,1.5,True,[1. 0. 0.],[0.5625 0.375  0.0625]
159,2,2,[0.2197 0.4102 0.3701],,,True,False,False,0,0.8496,1.5,False,[0.1406 0.4688 0.3906],[0.5625 0.375  0.0625]
160,2,2,[0.     0.4834 0.5166],,,True,False,False,1,0.4834,1.5,False,[0.1406 0.8594 0.    ],[0.5625 0.375  0.0625]
161,2,2,[0. 0. 1.],,,True,False,False,2,0.0,1.5,False,[1. 0. 0.],[0.5625 0.375  0.0625]
162,2,2,[0.0352 0.1875 0.7773],,,False,False,True,0,0.2578,1.0,True,[0.3906 0.4688 0.1406],[0.25 0.5  0.25]
163,2,2,[0.     0.2148 0.7852],,,False,False,True,1,0.2148,1.0,True,[0.1406 0.8594 0.    ],[0.25 0.5  0.25]
164,2,2,[0. 0. 1.],,,False,False,True,2,0.0,1.0,True,[1. 0. 0.],[0.25 0.5  0.25]
165,2,2,[0.0977 0.3125 0.5898],,,False,False,False,0,0.5078,1.0,False,[0.1406 0.4688 0.3906],[0.25 0.5  0.25]
166,2,2,[0.     0.2148 0.7852],,,False,False,False,1,0.2148,1.0,False,[0.1406 0.8594 0.    ],[0.25 0.5  0.25]
167,2,2,[0. 0. 1.],,,False,False,False,2,0.0,1.0,False,[1. 0. 0.],[0.25 0.5  0.25]
168,2,3,[0.0463 0.2379 0.7157],,,True,True,True,0,0.3306,1.875,True,[0.2441 0.4395 0.2637 0.0527],[0.     0.8789 0.1172 0.0039]
169,2,3,[0.     0.6008 0.3992],,,True,True,True,1,0.6008,1.875,True,[0.0527 0.2637 0.6836 0.    ],[0.     0.8789 0.1172 0.0039]
170,2,3,[0. 0. 1.],,,True,True,True,2,0.0,1.875,True,[0.0527 0.9473 0.     0.    ],[0.     0.8789 0.1172 0.0039]
171,2,3,[0.2146 0.4148 0.3706],,,True,True,False,0,0.844,1.875,False,[0.0527 0.2637 0.4395 0.2441],[0.     0.8789 0.1172 0.0039]
172,2,3,[0.     0.6008 0.3992],,,True,True,False,1,0.6008,1.875,False,[0.0527 0.2637 0.6836 0.    ],[0.     0.8789 0.1172 0.0039]
173,2,3,[0. 0. 1.],,,True,True,False,2,0.0,1.875,False,[0.0527 0.9473 0.     0.    ],[0.     0.8789 0.1172 0.0039]
174,2,3,[0.0297 0.1681 0.8022],,,False,True,True,0,0.2274,1.5,True,[0.2441 0.4395 0.2637 0.0527],[0.     0.5625 0.375  0.0625]
175,2,3,[0.     0.3845 0.6155],,,False,True,True,1,0.3845,1.5,True,[0.0527 0.2637 0.6836 0.    ],[0.     0.5625 0.375  0.0625]
176,2,3,[0. 0. 1.],,,False,True,True,2,0.0,1.5,True,[0.0527 0.9473 0.     0.    ],[0.     0.5625 0.375  0.0625]
177,2,3,[0.1373 0.3387 0.5239],,,False,True,False,0,0.6134,1.5,False,[0.0527 0.2637 0.4395 0.2441],[0.     0.5625 0.375  0.0625]
178,2,3,[0.     0.3845 0.6155],,,False,True,False,1,0.3845,1.5,False,[0.0527 0.2637 0.6836 0.    ],[0.     0.5625 0.375  0.0625]
179,2,3,[0. 0. 1.],,,False,True,False,2,0.0,1.5,False,[0.0527 0.9473 0.     0.    ],[0.     0.5625 0.375  0.0625]
180,2,3,[0.0297 0.1681 0.8022],,,True,False,True,0,0.2274,1.5,True,[0.2441 0.4395 0.2637 0.0527],[0.     0.5625 0.375  0.0625]
181,2,3,[0.     0.3845 0.6155],,,True,False,True,1,0.3845,1.5,True,[0.0527 0.2637 0.6836 0.    ],[0.     0.5625 0.375  0.0625]
182,2,3,[0. 0. 1.],,,True,False,True,2,0.0,1.5,True,[0.0527 0.9473 0.     0.    ],[0.     0.5625 0.375  0.0625]
183,2,3,[0.1373 0.3387 0.5239],,,True,False,False,0,0.6134,1.5,False,[0.0527 0.2637 0.4395 0.2441],[0.     0.5625 0.375  0.0625]
184,2,3,[0.     0.3845 0.6155],,,True,False,False,1,0.3845,1.5,False,[0.0527 0.2637 0.6836 0.    ],[0.     0.5625 0.375  0.0625]
185,2,3,[0. 0. 1.],,,True,False,False,2,0.0,1.5,False,[0.0527 0.9473 0.     0.    ],[0.     0.5625 0.375  0.0625]
186,2,3,[0.0132 0.0923 0.8945],,,False,False,True,0,0.1187,1.0,True,[0.2441 0.4395 0.2637 0.0527],[0.   0.25 0.5  0.25]
187,2,3,[0.     0.1709 0.8291],,,False,False,True,1,0.1709,1.0,True,[0.0527 0.2637 0.6836 0.    ],[0.   0.25 0.5  0.25]
188,2,3,[0. 0. 1.],,,False,False,True,2,0.0,1.0,True,[0.0527 0.9473 0.     0.    ],[0.   0.25 0.5  0.25]
189,2,3,[0.061  0.2319 0.707 ],,,False,False,False,0,0.354,1.0,False,[0.0527 0.2637 0.4395 0.2441],[0.   0.25 0.5  0.25]
190,2,3,[0.     0.1709 0.8291],,,False,False,False,1,0.1709,1.0,False,[0.0527 0.2637 0.6836 0.    ],[0.   0.25 0.5  0.25]
191,2,3,[0. 0. 1.],,,False,False,False,2,0.0,1.0,False,[0.0527 0.9473 0.     0.    ],[0.   0.25 0.5  0.25]
192,2,4,[0.0174 0.1182 0.8644],,,True,True,True,0,0.153,1.875,True,[0.1526 0.3662 0.3296 0.1318 0.0198],[0.     0.     0.8789 0.1172 0.0039]
193,2,4,[0.    0.456 0.544],,,True,True,True,1,0.456,1.875,True,[0.0198 0.1318 0.3296 0.5188 0.    ],[0.     0.     0.8789 0.1172 0.0039]
194,2,4,[0. 0. 1.],,,True,True,True,2,0.0,1.875,True,[0.0198 0.1318 0.8484 0.     0.    ],[0.     0.     0.8789 0.1172 0.0039]
195,2,4,[0.1341 0.3397 0.5261],,,True,True,False,0,0.608,1.875,False,[0.0198 0.1318 0.3296 0.3662 0.1526],[0.     0.     0.8789 0.1172 0.0039]
196,2,4,[0.    0.456 0.544],,,True,True,False,1,0.456,1.875,False,[0.0198 0.1318 0.3296 0.5188 0.    ],[0.     0.     0.8789 0.1172 0.0039]
197,2,4,[0. 0. 1.],,,True,True,False,2,0.0,1.875,False,[0.0198 0.1318 0.8484 0.     0.    ],[0.     0.     0.8789 0.1172 0.0039]
198,2,4,[0.0111 0.0816 0.9073],,,False,True,True,0,0.1038,1.5,True,[0.1526 0.3662 0.3296 0.1318 0.0198],[0.     0.     0.5625 0.375  0.0625]
199,2,4,[0.     0.2918 0.7082],,,False,True,True,1,0.2918,1.5,True,[0.0198 0.1318 0.3296 0.5188 0.    ],[0.     0.     0.5625 0.375  0.0625]
200,2,4,[0. 0. 1.],,,False,True,True,2,0.0,1.5,True,[0.0198 0.1318 0.8484 0.     0.    ],[0.     0.     0.5625 0.375  0.0625]
201,2,4,[0.0858 0.2632 0.651 ],,,False,True,False,0,0.4349,1.5,False,[0.0198 0.1318 0.3296 0.3662 0.1526],[0.     0.     0.5625 0.375  0.0625]
202,2,4,[0.     0.2918 0.7082],,,False,True,False,1,0.2918,1.5,False,[0.0198 0.1318 0.3296 0.5188 0.    ],[0.     0.     0.5625 0.375  0.0625]
203,2,4,[0. 0. 1.],,,False,True,False,2,0.0,1.5,False,[0.0198 0.1318 0.8484 0.     0.    ],[0.     0.     0.5625 0.375  0.0625]
204,2,4,[0.0111 0.0816 0.9073],,,True,False,True,0,0.1038,1.5,True,[0.1526 0.3662 0.3296 0.1318 0.0198],[0.     0.     0.5625 0.375  0.0625]
205,2,4,[0.     0.2918 0.7082],,,True,False,True,1,0.2918,1.5,True,[0.0198 0.1318 0.3296 0.5188 0.    ],[0.     0.     0.5625 0.375  0.0625]
206,2,4,[0. 0. 1.],,,True,False,True,2,0.0,1.5,True,[0.0198 0.1318 0.8484 0.     0.    ],[0.     0.     0.5625 0.375  0.0625]
207,2,4,[0.0858 0.2632 0.651 ],,,True,False,False,0,0.4349,1.5,False,[0.0198 0.1318 0.3296 0.3662 0.1526],[0.     0.     0.5625 0.375  0.0625]
208,2,4,[0.     0.2918 0.7082],,,True,False,False,1,0.2918,1.5,False,[0.0198 0.1318 0.3296 0.5188 0.    ],[0.     0.     0.5625 0.375  0.0625]
209,2,4,[0. 0. 1.],,,True,False,False,2,0.0,1.5,False,[0.0198 0.1318 0.8484 0.     0.    ],[0.     0.     0.5625 0.375  0.0625]
210,2,4,[0.0049 0.0428 0.9522],,,False,False,True,0,0.0527,1.0,True,[0.1526 0.3662 0.3296 0.1318 0.0198],[0.   0.   0.25 0.5  0.25]
211,2,4,[0.     0.1297 0.8703],,,False,False,True,1,0.1297,1.0,True,[0.0198 0.1318 0.3296 0.5188 0.    ],[0.   0.   0.25 0.5  0.25]
212,2,4,[0. 0. 1.],,,False,False,True,2,0.0,1.0,True,[0.0198 0.1318 0.8484 0.     0.    ],[0.   0.   0.25 0.5  0.25]
213,2,4,[0.0381 0.1678 0.794 ],,,False,False,False,0,0.2441,1.0,False,[0.0198 0.1318 0.3296 0.3662 0.1526],[0.   0.   0.25 0.5  0.25]
214,2,4,[0.     0.1297 0.8703],,,False,False,False,1,0.1297,1.0,False,[0.0198 0.1318 0.3296 0.5188 0.    ],[0.   0.   0.25 0.5  0.25]
215,2,4,[0. 0. 1.],,,False,False,False,2,0.0,1.0,False,[0.0198 0.1318 0.8484 0.     0.    ],[0.   0.   0.25 0.5  0.25]
216,2,5,[0.0065 0.0552 0.9383],,,True,True,True,0,0.0682,1.875,True,[0.0954 0.2861 0.3433 0.206  0.0618 0.0074],[0.     0.     0.     0.8789 0.1172 0.0039]
217,2,5,[0.     0.3353 0.6647],,,True,True,True,1,0.3353,1.875,True,[0.0074 0.0618 0.206  0.3433 0.3815 0.    ],[0.     0.     0.     0.8789 0.1172 0.0039]
218,2,5,[0. 0. 1.],,,True,True,True,2,0.0,1.875,True,[0.0074 0.0618 0.206  0.7248 0.     0.    ],[0.     0.     0.     0.8789 0.1172 0.0039]
219,2,5,[0.0838 0.2626 0.6535],,,True,True,False,0,0.4303,1.875,False,[0.0074 0.0618 0.206  0.3433 0.2861 0.0954],[0.     0.     0.     0.8789 0.1172 0.0039]
220,2,5,[0.     0.3353 0.6647],,,True,True,False,1,0.3353,1.875,False,[0.0074 0.0618 0.206  0.3433 0.3815 0.    ],[0.     0.     0.     0.8789 0.1172 0.0039]
221,2,5,[0. 0. 1.],,,True,True,False,2,0.0,1.875,False,[0.0074 0.0618 0.206  0.7248 0.     0.    ],[0.     0.     0.     0.8789 0.1172 0.0039]
222,2,5,[0.0042 0.0375 0.9583],,,False,True,True,0,0.0459,1.5,True,[0.0954 0.2861 0.3433 0.206  0.0618 0.0074],[0.     0.     0.     0.5625 0.375  0.0625]
223,2,5,[0.     0.2146 0.7854],,,False,True,True,1,0.2146,1.5,True,[0.0074 0.0618 0.206  0.3433 0.3815 0.    ],[0.     0.     0.     0.5625 0.375  0.0625]
224,2,5,[0. 0. 1.],,,False,True,True,2,0.0,1.5,True,[0.0074 0.0618 0.206  0.7248 0.     0.    ],[0.     0.     0.     0.5625 0.375  0.0625]
225,2,5,[0.0536 0.1967 0.7497],,,False,True,False,0,0.304,1.5,False,[0.0074 0.0618 0.206  0.3433 0.2861 0.0954],[0.     0.     0.     0.5625 0.375  0.0625]
226,2,5,[0.     0.2146 0.7854],,,False,True,False,1,0.2146,1.5,False,[0.0074 0.0618 0.206  0.3433 0.3815 0.    ],[0.     0.     0.     0.5625 0.375  0.0625]
227,2,5,[0. 0. 1.],,,False,True,False,2,0.0,1.5,False,[0.0074 0.0618 0.206  0.7248 0.     0.    ],[0.     0.     0.     0.5625 0.375  0.0625]
228,2,5,[0.0042 0.0375 0.9583],,,True,False,True,0,0.0459,1.5,True,[0.0954 0.2861 0.3433 0.206  0.0618 0.0074],[0.     0.     0.     0.5625 0.375  0.0625]
229,2,5,[0.     0.2146 0.7854],,,True,False,True,1,0.2146,1.5,True,[0.0074 0.0618 0.206  0.3433 0.3815 0.    ],[0.     0.     0.     0.5625 0.375  0.0625]
230,2,5,[0. 0. 1.],,,True,False,True,2,0.0,1.5,True,[0.0074 0.0618 0.206  0.7248 0.     0.    ],[0.     0.     0.     0.5625 0.375  0.0625]
231,2,5,[0.0536 0.1967 0.7497],,,True,False,False,0,0.304,1.5,False,[0.0074 0.0618 0.206  0.3433 0.2861 0.0954],[0.     0.     0.     0.5625 0.375  0.0625]
232,2,5,[0.     0.2146 0.7854],,,True,False,False,1,0.2146,1.5,False,[0.0074 0.0618 0.206  0.3433 0.3815 0.    ],[0.     0.     0.     0.5625 0.375  0.0625]
233,2,5,[0. 0. 1.],,,True,False,False,2,0.0,1.5,False,[0.0074 0.0618 0.206  0.7248 0.     0.    ],[0.     0.     0.     0.5625 0.375  0.0625]
234,2,5,[0.0019 0.0192 0.979 ],,,False,False,True,0,0.0229,1.0,True,[0.0954 0.2861 0.3433 0.206  0.0618 0.0074],[0.   0.   0.   0.25 0.5  0.25]
235,2,5,[0.     0.0954 0.9046],,,False,False,True,1,0.0954,1.0,True,[0.0074 0.0618 0.206  0.3433 0.3815 0.    ],[0.   0.   0.   0.25 0.5  0.25]
236,2,5,[0. 0. 1.],,,False,False,True,2,0.0,1.0,True,[0.0074 0.0618 0.206  0.7248 0.     0.    ],[0.   0.   0.   0.25 0.5  0.25]
237,2,5,[0.0238 0.1192 0.8569],,,False,False,False,0,0.1669,1.0,False,[0.0074 0.0618 0.206  0.3433 0.2861 0.0954],[0.   0.   0.   0.25 0.5  0.25]
238,2,5,[0.     0.0954 0.9046],,,False,False,False,1,0.0954,1.0,False,[0.0074 0.0618 0.206  0.3433 0.3815 0.    ],[0.   0.   0.   0.25 0.5  0.25]
239,2,5,[0. 0. 1.],,,False,False,False,2,0.0,1.0,False,[0.0074 0.0618 0.206  0.7248 0.     0.    ],[0.   0.   0.   0.25 0.5  0.25]
240,3,1,[0.309  0.5768 0.1071 0.0071],,,True,True,True,0,2.1877,2.8125,True,[0.625 0.375],[8.240e-01 1.648e-01 1.100e-02 2.000e-04]
241,3,1,[0.     0.824  0.1648 0.0112],,,True,True,True,1,1.8127,2.8125,True,[1. 0.],[8.240e-01 1.648e-01 1.100e-02 2.000e-04]
242,3,1,[0.     0.824  0.1648 0.0112],,,True,True,True,2,1.8127,2.8125,True,[1. 0.],[8.240e-01 1.648e-01 1.100e-02 2.000e-04]
243,3,1,[0.515  0.412  0.0687 0.0044],,,True,True,False,0,2.4376,2.8125,False,[0.375 0.625],[8.240e-01 1.648e-01 1.100e-02 2.000e-04]
244,3,1,[0.     0.824  0.1648 0.0112],,,True,True,False,1,1.8127,2.8125,False,[1. 0.],[8.240e-01 1.648e-01 1.100e-02 2.000e-04]
245,3,1,[0.     0.824  0.1648 0.0112],,,True,True,False,2,1.8127,2.8125,False,[1. 0.],[8.240e-01 1.648e-01 1.100e-02 2.000e-04]
246,3,1,[0.1582 0.4219 0.3164 0.1035],,,False,True,True,0,1.6348,2.25,True,[0.625 0.375],[0.4219 0.4219 0.1406 0.0156]
247,3,1,[0.     0.4219 0.4219 0.1562],,,False,True,True,1,1.2656,2.25,True,[1. 0.],[0.4219 0.4219 0.1406 0.0156]
248,3,1,[0.     0.4219 0.4219 0.1562],,,False,True,True,2,1.2656,2.25,True,[1. 0.],[0.4219 0.4219 0.1406 0.0156]
249,3,1,[0.2637 0.4219 0.2461 0.0684],,,False,True,False,0,1.8809,2.25,False,[0.375 0.625],[0.4219 0.4219 0.1406 0.0156]
250,3,1,[0.     0.4219 0.4219 0.1562],,,False,True,False,1,1.2656,2.25,False,[1. 0.],[0.4219 0.4219 0.1406 0.0156]
251,3,1,[0.     0.4219 0.4219 0.1562],,,False,True,False,2,1.2656,2.25,False,[1. 0.],[0.4219 0.4219 0.1406 0.0156]
252,3,1,[0.1582 0.4219 0.3164 0.1035],,,True,False,True,0,1.6348,2.25,True,[0.625 0.375],[0.4219 0.4219 0.1406 0.0156]
253,3,1,[0.     0.4219 0.4219 0.1562],,,True,False,True,1,1.2656,2.25,True,[1. 0.],[0.4219 0.4219 0.1406 0.0156]
254,3,1,[0.     0.4219 0.4219 0.1562],,,True,False,True,2,1.2656,2.25,True,[1. 0.],[0.4219 0.4219 0.1406 0.0156]
255,3,1,[0.2637 0.4219 0.2461 0.0684],,,True,False,False,0,1.8809,2.25,False,[0.375 0.625],[0.4219 0.4219 0.1406 0.0156]
256,3,1,[0.     0.4219 0.4219 0.1562],,,True,False,False,1,1.2656,2.25,False,[1. 0.],[0.4219 0.4219 0.1406 0.0156]
257,3,1,[0.     0.4219 0.4219 0.1562],,,True,False,False,2,1.2656,2.25,False,[1. 0.],[0.4219 0.4219 0.1406 0.0156]
258,3,1,[0.0469 0.2188 0.375  0.3594],,,False,False,True,0,0.9531,1.5,True,[0.625 0.375],[0.125 0.375 0.375 0.125]
259,3,1,[0.    0.125 0.375 0.5  ],,,False,False,True,1,0.625,1.5,True,[1. 0.],[0.125 0.375 0.375 0.125]
260,3,1,[0.    0.125 0.375 0.5  ],,,False,False,True,2,0.625,1.5,True,[1. 0.],[0.125 0.375 0.375 0.125]
261,3,1,[0.0781 0.2812 0.375  0.2656],,,False,False,False,0,1.1719,1.5,False,[0.375 0.625],[0.125 0.375 0.375 0.125]
262,3,1,[0.    0.125 0.375 0.5  ],,,False,False,False,1,0.625,1.5,False,[1. 0.],[0.125 0.375 0.375 0.125]
263,3,1,[0.    0.125 0.375 0.5  ],,,False,False,False,2,0.625,1.5,False,[1. 0.],[0.125 0.375 0.375 0.125]
264,3,2,[0.1159 0.4094 0.4007 0.0741],,,True,True,True,0,1.5671,2.8125,True,[0.3906 0.4688 0.1406],[8.240e-01 1.648e-01 1.100e-02 2.000e-04]
265,3,2,[0.     0.7081 0.2575 0.0344],,,True,True,True,1,1.6737,2.8125,True,[0.1406 0.8594 0.    ],[8.240e-01 1.648e-01 1.100e-02 2.000e-04]
266,3,2,[0.    0.    0.824 0.176],,,True,True,True,2,0.824,2.8125,True,[1. 0. 0.],[8.240e-01 1.648e-01 1.100e-02 2.000e-04]
267,3,2,[0.3219 0.4506 0.1974 0.0301],,,True,True,False,0,2.0642,2.8125,False,[0.1406 0.4688 0.3906],[8.240e-01 1.648e-01 1.100e-02 2.000e-04]
268,3,2,[0.     0.7081 0.2575 0.0344],,,True,True,False,1,1.6737,2.8125,False,[0.1406 0.8594 0.    ],[8.240e-01 1.648e-01 1.100e-02 2.000e-04]
269,3,2,[0.    0.    0.824 0.176],,,True,True,False,2,0.824,2.8125,False,[1. 0. 0.],[8.240e-01 1.648e-01 1.100e-02 2.000e-04]
270,3,2,[0.0593 0.2571 0.3823 0.3013],,,False,True,True,0,1.0745,2.25,True,[0.3906 0.4688 0.1406],[0.4219 0.4219 0.1406 0.0156]
271,3,2,[0.     0.3625 0.4219 0.2156],,,False,True,True,1,1.147,2.25,True,[0.1406 0.8594 0.    ],[0.4219 0.4219 0.1406 0.0156]
272,3,2,[0.     0.     0.4219 0.5781],,,False,True,True,2,0.4219,2.25,True,[1. 0. 0.],[0.4219 0.4219 0.1406 0.0156]
273,3,2,[0.1648 0.3625 0.312  0.1606],,,False,True,False,0,1.5315,2.25,False,[0.1406 0.4688 0.3906],[0.4219 0.4219 0.1406 0.0156]
274,3,2,[0.     0.3625 0.4219 0.2156],,,False,True,False,1,1.147,2.25,False,[0.1406 0.8594 0.    ],[0.4219 0.4219 0.1406 0.0156]
275,3,2,[0.     0.     0.4219 0.5781],,,False,True,False,2,0.4219,2.25,False,[1. 0. 0.],[0.4219 0.4219 0.1406 0.0156]
276,3,2,[0.0593 0.2571 0.3823 0.3013],,,True,False,True,0,1.0745,2.25,True,[0.3906 0.4688 0.1406],[0.4219 0.4219 0.1406 0.0156]
277,3,2,[0.     0.3625 0.4219 0.2156],,,True,False,True,1,1.147,2.25,True,[0.1406 0.8594 0.    ],[0.4219 0.4219 0.1406 0.0156]
278,3,2,[0.     0.     0.4219 0.5781],,,True,False,True,2,0.4219,2.25,True,[1. 0. 0.],[0.4219 0.4219 0.1406 0.0156]
279,3,2,[0.1648 0.3625 0.312  0.1606],,,True,False,False,0,1.5315,2.25,False,[0.1406 0.4688 0.3906],[0.4219 0.4219 0.1406 0.0156]
280,3,2,[0.     0.3625 0.4219 0.2156],,,True,False,False,1,1.147,2.25,False,[0.1406 0.8594 0.    ],[0.4219 0.4219 0.1406 0.0156]
281,3,2,[0.     0.     0.4219 0.5781],,,True,False,False,2,0.4219,2.25,False,[1. 0. 0.],[0.4219 0.4219 0.1406 0.0156]
282,3,2,[0.0176 0.1113 0.2773 0.5938],,,False,False,True,0,0.5527,1.5,True,[0.3906 0.4688 0.1406],[0.125 0.375 0.375 0.125]
283,3,2,[0.     0.1074 0.3398 0.5527],,,False,False,True,1,0.5547,1.5,True,[0.1406 0.8594 0.    ],[0.125 0.375 0.375 0.125]
284,3,2,[0.    0.    0.125 0.875],,,False,False,True,2,0.125,1.5,True,[1. 0. 0.],[0.125 0.375 0.375 0.125]
285,3,2,[0.0488 0.2051 0.3398 0.4062],,,False,False,False,0,0.8965,1.5,False,[0.1406 0.4688 0.3906],[0.125 0.375 0.375 0.125]
286,3,2,[0.     0.1074 0.3398 0.5527],,,False,False,False,1,0.5547,1.5,False,[0.1406 0.8594 0.    ],[0.125 0.375 0.375 0.125]
287,3,2,[0.    0.    0.125 0.875],,,False,False,False,2,0.125,1.5,False,[1. 0. 0.],[0.125 0.375 0.375 0.125]
288,3,3,[0.0435 0.2259 0.4061 0.3245],,,True,True,True,0,0.9884,2.8125,True,[0.2441 0.4395 0.2637 0.0527],[8.240e-01 1.648e-01 1.100e-02 2.000e-04]
289,3,3,[0.     0.5633 0.3299 0.1068],,,True,True,True,1,1.4564,2.8125,True,[0.0527 0.2637 0.6836 0.    ],[8.240e-01 1.648e-01 1.100e-02 2.000e-04]
290,3,3,[0.     0.     0.7805 0.2195],,,True,True,True,2,0.7805,2.8125,True,[0.0527 0.9473 0.     0.    ],[8.240e-01 1.648e-01 1.100e-02 2.000e-04]
291,3,3,[0.2012 0.4023 0.2924 0.1041],,,True,True,False,0,1.7005,2.8125,False,[0.0527 0.2637 0.4395 0.2441],[8.240e-01 1.648e-01 1.100e-02 2.000e-04]
292,3,3,[0.     0.5633 0.3299 0.1068],,,True,True,False,1,1.4564,2.8125,False,[0.0527 0.2637 0.6836 0.    ],[8.240e-01 1.648e-01 1.100e-02 2.000e-04]
293,3,3,[0.     0.     0.7805 0.2195],,,True,True,False,2,0.7805,2.8125,False,[0.0527 0.9473 0.     0.    ],[8.240e-01 1.648e-01 1.100e-02 2.000e-04]
294,3,3,[0.0222 0.1335 0.304  0.5402],,,False,True,True,0,0.6378,2.25,True,[0.2441 0.4395 0.2637 0.0527],[0.4219 0.4219 0.1406 0.0156]
295,3,3,[0.     0.2884 0.3996 0.312 ],,,False,True,True,1,0.9764,2.25,True,[0.0527 0.2637 0.6836 0.    ],[0.4219 0.4219 0.1406 0.0156]
296,3,3,[0.     0.     0.3996 0.6004],,,False,True,True,2,0.3996,2.25,True,[0.0527 0.9473 0.     0.    ],[0.4219 0.4219 0.1406 0.0156]
297,3,3,[0.103  0.2884 0.331  0.2776],,,False,True,False,0,1.2167,2.25,False,[0.0527 0.2637 0.4395 0.2441],[0.4219 0.4219 0.1406 0.0156]
298,3,3,[0.     0.2884 0.3996 0.312 ],,,False,True,False,1,0.9764,2.25,False,[0.0527 0.2637 0.6836 0.    ],[0.4219 0.4219 0.1406 0.0156]
299,3,3,[0.     0.     0.3996 0.6004],,,False,True,False,2,0.3996,2.25,False,[0.0527 0.9473 0.     0.    ],[0.4219 0.4219 0.1406 0.0156]
300,3,3,[0.0222 0.1335 0.304  0.5402],,,True,False,True,0,0.6378,2.25,True,[0.2441 0.4395 0.2637 0.0527],[0.4219 0.4219 0.1406 0.0156]
301,3,3,[0.     0.2884 0.3996 0.312 ],,,True,False,True,1,0.9764,2.25,True,[0.0527 0.2637 0.6836 0.    ],[0.4219 0.4219 0.1406 0.0156]
302,3,3,[0.     0.     0.3996 0.6004],,,True,False,True,2,0.3996,2.25,True,[0.0527 0.9473 0.     0.    ],[0.4219 0.4219 0.1406 0.0156]
303,3,3,[0.103  0.2884 0.331  0.2776],,,True,False,False,0,1.2167,2.25,False,[0.0527 0.2637 0.4395 0.2441],[0.4219 0.4219 0.1406 0.0156]
304,3,3,[0.     0.2884 0.3996 0.312 ],,,True,False,False,1,0.9764,2.25,False,[0.0527 0.2637 0.6836 0.    ],[0.4219 0.4219 0.1406 0.0156]
305,3,3,[0.     0.     0.3996 0.6004],,,True,False,False,2,0.3996,2.25,False,[0.0527 0.9473 0.     0.    ],[0.4219 0.4219 0.1406 0.0156]
306,3,3,[0.0066 0.0527 0.1736 0.7671],,,False,False,True,0,0.2988,1.5,True,[0.2441 0.4395 0.2637 0.0527],[0.125 0.375 0.375 0.125]
307,3,3,[0.     0.0854 0.2893 0.6252],,,False,False,True,1,0.4602,1.5,True,[0.0527 0.2637 0.6836 0.    ],[0.125 0.375 0.375 0.125]
308,3,3,[0.     0.     0.1184 0.8816],,,False,False,True,2,0.1184,1.5,True,[0.0527 0.9473 0.     0.    ],[0.125 0.375 0.375 0.125]
309,3,3,[0.0305 0.1465 0.2893 0.5337],,,False,False,False,0,0.6738,1.5,False,[0.0527 0.2637 0.4395 0.2441],[0.125 0.375 0.375 0.125]
310,3,3,[0.     0.0854 0.2893 0.6252],,,False,False,False,1,0.4602,1.5,False,[0.0527 0.2637 0.6836 0.    ],[0.125 0.375 0.375 0.125]
311,3,3,[0.     0.     0.1184 0.8816],,,False,False,False,2,0.1184,1.5,False,[0.0527 0.9473 0.     0.    ],[0.125 0.375 0.375 0.125]
312,3,4,[0.0163 0.1119 0.2935 0.5783],,,True,True,True,0,0.5662,2.8125,True,[0.1526 0.3662 0.3296 0.1318 0.0198],[0.000e+00 8.240e-01 1.648e-01 1.100e-02 2.000e-04]
313,3,4,[0.     0.4275 0.3571 0.2155],,,True,True,True,1,1.212,2.8125,True,[0.0198 0.1318 0.3296 0.5188 0.    ],[0.000e+00 8.240e-01 1.648e-01 1.100e-02 2.000e-04]
314,3,4,[0.     0.     0.6991 0.3009],,,True,True,True,2,0.6991,2.8125,True,[0.0198 0.1318 0.8484 0.     0.    ],[0.000e+00 8.240e-01 1.648e-01 1.100e-02 2.000e-04]
315,3,4,[0.1257 0.3269 0.3336 0.2138],,,True,True,False,0,1.3646,2.8125,False,[0.0198 0.1318 0.3296 0.3662 0.1526],[0.000e+00 8.240e-01 1.648e-01 1.100e-02 2.000e-04]
316,3,4,[0.     0.4275 0.3571 0.2155],,,True,True,False,1,1.212,2.8125,False,[0.0198 0.1318 0.3296 0.5188 0.    ],[0.000e+00 8.240e-01 1.648e-01 1.100e-02 2.000e-04]
317,3,4,[0.     0.     0.6991 0.3009],,,True,True,False,2,0.6991,2.8125,False,[0.0198 0.1318 0.8484 0.     0.    ],[0.000e+00 8.240e-01 1.648e-01 1.100e-02 2.000e-04]
318,3,4,[0.0083 0.064  0.1974 0.7303],,,False,True,True,0,0.3504,2.25,True,[0.1526 0.3662 0.3296 0.1318 0.0198],[0.     0.4219 0.4219 0.1406 0.0156]
319,3,4,[0.     0.2189 0.3579 0.4232],,,False,True,True,1,0.7957,2.25,True,[0.0198 0.1318 0.3296 0.5188 0.    ],[0.     0.4219 0.4219 0.1406 0.0156]
320,3,4,[0.     0.     0.3579 0.6421],,,False,True,True,2,0.3579,2.25,True,[0.0198 0.1318 0.8484 0.     0.    ],[0.     0.4219 0.4219 0.1406 0.0156]
321,3,4,[0.0644 0.2189 0.315  0.4018],,,False,True,False,0,0.9459,2.25,False,[0.0198 0.1318 0.3296 0.3662 0.1526],[0.     0.4219 0.4219 0.1406 0.0156]
322,3,4,[0.     0.2189 0.3579 0.4232],,,False,True,False,1,0.7957,2.25,False,[0.0198 0.1318 0.3296 0.5188 0.    ],[0.     0.4219 0.4219 0.1406 0.0156]
323,3,4,[0.     0.     0.3579 0.6421],,,False,True,False,2,0.3579,2.25,False,[0.0198 0.1318 0.8484 0.     0.    ],[0.     0.4219 0.4219 0.1406 0.0156]
324,3,4,[0.0083 0.064  0.1974 0.7303],,,True,False,True,0,0.3504,2.25,True,[0.1526 0.3662 0.3296 0.1318 0.0198],[0.     0.4219 0.4219 0.1406 0.0156]
325,3,4,[0.     0.2189 0.3579 0.4232],,,True,False,True,1,0.7957,2.25,True,[0.0198 0.1318 0.3296 0.5188 0.    ],[0.     0.4219 0.4219 0.1406 0.0156]
326,3,4,[0.     0.     0.3579 0.6421],,,True,False,True,2,0.3579,2.25,True,[0.0198 0.1318 0.8484 0.     0.    ],[0.     0.4219 0.4219 0.1406 0.0156]
327,3,4,[0.0644 0.2189 0.315  0.4018],,,True,False,False,0,0.9459,2.25,False,[0.0198 0.1318 0.3296 0.3662 0.1526],[0.     0.4219 0.4219 0.1406 0.0156]
328,3,4,[0.     0.2189 0.3579 0.4232],,,True,False,False,1,0.7957,2.25,False,[0.0198 0.1318 0.3296 0.5188 0.    ],[0.     0.4219 0.4219 0.1406 0.0156]
329,3,4,[0.     0.     0.3579 0.6421],,,True,False,False,2,0.3579,2.25,False,[0.0198 0.1318 0.8484 0.     0.    ],[0.     0.4219 0.4219 0.1406 0.0156]
330,3,4,[0.0025 0.0239 0.0981 0.8756],,,False,False,True,0,0.1533,1.5,True,[0.1526 0.3662 0.3296 0.1318 0.0198],[0.    0.125 0.375 0.375 0.125]
331,3,4,[0.     0.0648 0.2357 0.6994],,,False,False,True,1,0.3654,1.5,True,[0.0198 0.1318 0.3296 0.5188 0.    ],[0.    0.125 0.375 0.375 0.125]
332,3,4,[0.    0.    0.106 0.894],,,False,False,True,2,0.106,1.5,True,[0.0198 0.1318 0.8484 0.     0.    ],[0.    0.125 0.375 0.375 0.125]
333,3,4,[0.0191 0.103  0.2357 0.6422],,,False,False,False,0,0.499,1.5,False,[0.0198 0.1318 0.3296 0.3662 0.1526],[0.    0.125 0.375 0.375 0.125]
334,3,4,[0.     0.0648 0.2357 0.6994],,,False,False,False,1,0.3654,1.5,False,[0.0198 0.1318 0.3296 0.5188 0.    ],[0.    0.125 0.375 0.375 0.125]
335,3,4,[0.    0.    0.106 0.894],,,False,False,False,2,0.106,1.5,False,[0.0198 0.1318 0.8484 0.     0.    ],[0.    0.125 0.375 0.375 0.125]
336,3,5,[0.0061 0.0521 0.18   0.7617],,,True,True,True,0,0.3026,2.8125,True,[0.0954 0.2861 0.3433 0.206  0.0618 0.0074],[0.000e+00 0.000e+00 8.240e-01 1.648e-01 1.100e-02 2.000e-04]
337,3,5,[0.     0.3143 0.3458 0.3399],,,True,True,True,1,0.9744,2.8125,True,[0.0074 0.0618 0.206  0.3433 0.3815 0.    ],[0.000e+00 0.000e+00 8.240e-01 1.648e-01 1.100e-02 2.000e-04]
338,3,5,[0.     0.     0.5972 0.4028],,,True,True,True,2,0.5972,2.8125,True,[0.0074 0.0618 0.206  0.7248 0.     0.    ],[0.000e+00 0.000e+00 8.240e-01 1.648e-01 1.100e-02 2.000e-04]
339,3,5,[0.0786 0.2515 0.3311 0.3389],,,True,True,False,0,1.0697,2.8125,False,[0.0074 0.0618 0.206  0.3433 0.2861 0.0954],[0.000e+00 0.000e+00 8.240e-01 1.648e-01 1.100e-02 2.000e-04]
340,3,5,[0.     0.3143 0.3458 0.3399],,,True,True,False,1,0.9744,2.8125,False,[0.0074 0.0618 0.206  0.3433 0.3815 0.    ],[0.000e+00 0.000e+00 8.240e-01 1.648e-01 1.100e-02 2.000e-04]
341,3,5,[0.     0.     0.5972 0.4028],,,True,True,False,2,0.5972,2.8125,False,[0.0074 0.0618 0.206  0.7248 0.     0.    ],[0.000e+00 0.000e+00 8.240e-01 1.648e-01 1.100e-02 2.000e-04]
342,3,5,[0.0031 0.0292 0.114  0.8537],,,False,True,True,0,0.1818,2.25,True,[0.0954 0.2861 0.3433 0.206  0.0618 0.0074],[0.     0.     0.4219 0.4219 0.1406 0.0156]
343,3,5,[0.     0.1609 0.3058 0.5333],,,False,True,True,1,0.6276,2.25,True,[0.0074 0.0618 0.206  0.3433 0.3815 0.    ],[0.     0.     0.4219 0.4219 0.1406 0.0156]
344,3,5,[0.     0.     0.3058 0.6942],,,False,True,True,2,0.3058,2.25,True,[0.0074 0.0618 0.206  0.7248 0.     0.    ],[0.     0.     0.4219 0.4219 0.1406 0.0156]
345,3,5,[0.0402 0.1609 0.2789 0.5199],,,False,True,False,0,0.7215,2.25,False,[0.0074 0.0618 0.206  0.3433 0.2861 0.0954],[0.     0.     0.4219 0.4219 0.1406 0.0156]
346,3,5,[0.     0.1609 0.3058 0.5333],,,False,True,False,1,0.6276,2.25,False,[0.0074 0.0618 0.206  0.3433 0.3815 0.    ],[0.     0.     0.4219 0.4219 0.1406 0.0156]
347,3,5,[0.     0.     0.3058 0.6942],,,False,True,False,2,0.3058,2.25,False,[0.0074 0.0618 0.206  0.7248 0.     0.    ],[0.     0.     0.4219 0.4219 0.1406 0.0156]
348,3,5,[0.0031 0.0292 0.114  0.8537],,,True,False,True,0,0.1818,2.25,True,[0.0954 0.2861 0.3433 0.206  0.0618 0.0074],[0.     0.     0.4219 0.4219 0.1406 0.0156]
349,3,5,[0.     0.1609 0.3058 0.5333],,,True,False,True,1,0.6276,2.25,True,[0.0074 0.0618 0.206  0.3433 0.3815 0.    ],[0.     0.     0.4219 0.4219 0.1406 0.0156]
350,3,5,[0.     0.     0.3058 0.6942],,,True,False,True,2,0.3058,2.25,True,[0.0074 0.0618 0.206  0.7248 0.     0.    ],[0.     0.     0.4219 0.4219 0.1406 0.0156]
351,3,5,[0.0402 0.1609 0.2789 0.5199],,,True,False,False,0,0.7215,2.25,False,[0.0074 0.0618 0.206  0.3433 0.2861 0.0954],[0.     0.     0.4219 0.4219 0.1406 0.0156]
352,3,5,[0.     0.1609 0.3058 0.5333],,,True,False,False,1,0.6276,2.25,False,[0.0074 0.0618 0.206  0.3433 0.3815 0.    ],[0.     0.     0.4219 0.4219 0.1406 0.0156]
353,3,5,[0.     0.     0.3058 0.6942],,,True,False,False,2,0.3058,2.25,False,[0.0074 0.0618 0.206  0.7248 0.     0.    ],[0.     0.     0.4219 0.4219 0.1406 0.0156]
354,3,5,[9.000e-04 1.050e-02 5.170e-02 9.369e-01],,,False,False,True,0,0.0755,1.5,True,[0.0954 0.2861 0.3433 0.206  0.0618 0.0074],[0.    0.    0.125 0.375 0.375 0.125]
355,3,5,[0.     0.0477 0.186  0.7663],,,False,False,True,1,0.2813,1.5,True,[0.0074 0.0618 0.206  0.3433 0.3815 0.    ],[0.    0.    0.125 0.375 0.375 0.125]
356,3,5,[0.     0.     0.0906 0.9094],,,False,False,True,2,0.0906,1.5,True,[0.0074 0.0618 0.206  0.7248 0.     0.    ],[0.    0.    0.125 0.375 0.375 0.125]
357,3,5,[0.0119 0.0715 0.186  0.7306],,,False,False,False,0,0.3648,1.5,False,[0.0074 0.0618 0.206  0.3433 0.2861 0.0954],[0.    0.    0.125 0.375 0.375 0.125]
358,3,5,[0.     0.0477 0.186  0.7663],,,False,False,False,1,0.2813,1.5,False,[0.0074 0.0618 0.206  0.3433 0.3815 0.    ],[0.    0.    0.125 0.375 0.375 0.125]
359,3,5,[0.     0.     0.0906 0.9094],,,False,False,False,2,0.0906,1.5,False,[0.0074 0.0618 0.206  0.7248 0.     0.    ],[0.    0.    0.125 0.375 0.375 0.125]
360,4,1,[0.2897 0.56   0.1365 0.0132 0.0006],,,True,True,True,0,3.125,3.75,True,[0.625 0.375],[0.7725 0.206  0.0206 0.0009 0.    ]
361,4,1,[0.     0.7725 0.206  0.0206 0.0009],,,True,True,True,1,2.75,3.75,True,[1. 0.],[0.7725 0.206  0.0206 0.0009 0.    ]
362,4,1,[0.     0.7725 0.206  0.0206 0.0009],,,True,True,True,2,2.75,3.75,True,[1. 0.],[0.7725 0.206  0.0206 0.0009 0.    ]
363,4,1,[4.828e-01 4.184e-01 9.010e-02 8.300e-03 4.000e-04],,,True,True,False,0,3.375,3.75,False,[0.375 0.625],[0.7725 0.206  0.0206 0.0009 0.    ]
364,4,1,[0.     0.7725 0.206  0.0206 0.0009],,,True,True,False,1,2.75,3.75,False,[1. 0.],[0.7725 0.206  0.0206 0.0009 0.    ]
365,4,1,[0.     0.7725 0.206  0.0206 0.0009],,,True,True,False,2,2.75,3.75,False,[1. 0.],[0.7725 0.206  0.0206 0.0009 0.    ]
366,4,1,[0.1187 0.356  0.3428 0.1494 0.0332],,,False,True,True,0,2.3774,3.0,True,[0.625 0.375],[0.3164 0.4219 0.2109 0.0469 0.0039]
367,4,1,[0.     0.3164 0.4219 0.2109 0.0508],,,False,True,True,1,2.0039,3.0,True,[1. 0.],[0.3164 0.4219 0.2109 0.0469 0.0039]
368,4,1,[0.     0.3164 0.4219 0.2109 0.0508],,,False,True,True,2,2.0039,3.0,True,[1. 0.],[0.3164 0.4219 0.2109 0.0469 0.0039]
369,4,1,[0.1978 0.3823 0.29   0.1084 0.0215],,,False,True,False,0,2.6265,3.0,False,[0.375 0.625],[0.3164 0.4219 0.2109 0.0469 0.0039]
370,4,1,[0.     0.3164 0.4219 0.2109 0.0508],,,False,True,False,1,2.0039,3.0,False,[1. 0.],[0.3164 0.4219 0.2109 0.0469 0.0039]
371,4,1,[0.     0.3164 0.4219 0.2109 0.0508],,,False,True,False,2,2.0039,3.0,False,[1. 0.],[0.3164 0.4219 0.2109 0.0469 0.0039]
372,4,1,[0.1187 0.356  0.3428 0.1494 0.0332],,,True,False,True,0,2.3774,3.0,True,[0.625 0.375],[0.3164 0.4219 0.2109 0.0469 0.0039]
373,4,1,[0.     0.3164 0.4219 0.2109 0.0508],,,True,False,True,1,2.0039,3.0,True,[1. 0.],[0.3164 0.4219 0.2109 0.0469 0.0039]
374,4,1,[0.     0.3164 0.4219 0.2109 0.0508],,,True,False,True,2,2.0039,3.0,True,[1. 0.],[0.3164 0.4219 0.2109 0.0469 0.0039]
375,4,1,[0.1978 0.3823 0.29   0.1084 0.0215],,,True,False,False,0,2.6265,3.0,False,[0.375 0.625],[0.3164 0.4219 0.2109 0.0469 0.0039]
376,4,1,[0.     0.3164 0.4219 0.2109 0.0508],,,True,False,False,1,2.0039,3.0,False,[1. 0.],[0.3164 0.4219 0.2109 0.0469 0.0039]
377,4,1,[0.     0.3164 0.4219 0.2109 0.0508],,,True,False,False,2,2.0039,3.0,False,[1. 0.],[0.3164 0.4219 0.2109 0.0469 0.0039]
378,4,1,[0.0234 0.1328 0.2969 0.3281 0.2188],,,False,False,True,0,1.4141,2.0,True,[0.625 0.375],[0.0625 0.25   0.375  0.25   0.0625]
379,4,1,[0.     0.0625 0.25   0.375  0.3125],,,False,False,True,1,1.0625,2.0,True,[1. 0.],[0.0625 0.25   0.375  0.25   0.0625]
380,4,1,[0.     0.0625 0.25   0.375  0.3125],,,False,False,True,2,1.0625,2.0,True,[1. 0.],[0.0625 0.25   0.375  0.25   0.0625]
381,4,1,[0.0391 0.1797 0.3281 0.2969 0.1562],,,False,False,False,0,1.6484,2.0,False,[0.375 0.625],[0.0625 0.25   0.375  0.25   0.0625]
382,4,1,[0.     0.0625 0.25   0.375  0.3125],,,False,False,False,1,1.0625,2.0,False,[1. 0.],[0.0625 0.25   0.375  0.25   0.0625]
383,4,1,[0.     0.0625 0.25   0.375  0.3125],,,False,False,False,2,1.0625,2.0,False,[1. 0.],[0.0625 0.25   0.375  0.25   0.0625]
384,4,2,[0.1086 0.3911 0.4012 0.0903 0.0088],,,True,True,True,0,2.5004,3.75,True,[0.3906 0.4688 0.1406],[0.7725 0.206  0.0206 0.0009 0.    ]
385,4,2,[0.     0.6638 0.2857 0.0467 0.0038],,,True,True,True,1,2.6095,3.75,True,[0.1406 0.8594 0.    ],[0.7725 0.206  0.0206 0.0009 0.    ]
386,4,2,[0.     0.     0.7725 0.206  0.0215],,,True,True,True,2,1.7509,3.75,True,[1. 0. 0.],[0.7725 0.206  0.0206 0.0009 0.    ]
387,4,2,[0.3017 0.4426 0.2132 0.039  0.0035],,,True,True,False,0,3.0001,3.75,False,[0.1406 0.4688 0.3906],[0.7725 0.206  0.0206 0.0009 0.    ]
388,4,2,[0.     0.6638 0.2857 0.0467 0.0038],,,True,True,False,1,2.6095,3.75,False,[0.1406 0.8594 0.    ],[0.7725 0.206  0.0206 0.0009 0.    ]
389,4,2,[0.     0.     0.7725 0.206  0.0215],,,True,True,False,2,1.7509,3.75,False,[1. 0. 0.],[0.7725 0.206  0.0206 0.0009 0.    ]
390,4,2,[0.0445 0.2076 0.351  0.2703 0.1266],,,False,True,True,0,1.7732,3.0,True,[0.3906 0.4688 0.1406],[0.3164 0.4219 0.2109 0.0469 0.0039]
391,4,2,[0.     0.2719 0.407  0.2406 0.0804],,,False,True,True,1,1.8704,3.0,True,[0.1406 0.8594 0.    ],[0.3164 0.4219 0.2109 0.0469 0.0039]
392,4,2,[0.     0.     0.3164 0.4219 0.2617],,,False,True,True,2,1.0547,3.0,True,[1. 0. 0.],[0.3164 0.4219 0.2109 0.0469 0.0039]
393,4,2,[0.1236 0.3131 0.3246 0.1765 0.0621],,,False,True,False,0,2.2595,3.0,False,[0.1406 0.4688 0.3906],[0.3164 0.4219 0.2109 0.0469 0.0039]
394,4,2,[0.     0.2719 0.407  0.2406 0.0804],,,False,True,False,1,1.8704,3.0,False,[0.1406 0.8594 0.    ],[0.3164 0.4219 0.2109 0.0469 0.0039]
395,4,2,[0.     0.     0.3164 0.4219 0.2617],,,False,True,False,2,1.0547,3.0,False,[1. 0. 0.],[0.3164 0.4219 0.2109 0.0469 0.0039]
396,4,2,[0.0445 0.2076 0.351  0.2703 0.1266],,,True,False,True,0,1.7732,3.0,True,[0.3906 0.4688 0.1406],[0.3164 0.4219 0.2109 0.0469 0.0039]
397,4,2,[0.     0.2719 0.407  0.2406 0.0804],,,True,False,True,1,1.8704,3.0,True,[0.1406 0.8594 0.    ],[0.3164 0.4219 0.2109 0.0469 0.0039]
398,4,2,[0.     0.     0.3164 0.4219 0.2617],,,True,False,True,2,1.0547,3.0,True,[1. 0. 0.],[0.3164 0.4219 0.2109 0.0469 0.0039]
399,4,2,[0.1236 0.3131 0.3246 0.1765 0.0621],,,True,False,False,0,2.2595,3.0,False,[0.1406 0.4688 0.3906],[0.3164 0.4219 0.2109 0.0469 0.0039]
400,4,2,[0.     0.2719 0.407  0.2406 0.0804],,,True,False,False,1,1.8704,3.0,False,[0.1406 0.8594 0.    ],[0.3164 0.4219 0.2109 0.0469 0.0039]
401,4,2,[0.     0.     0.3164 0.4219 0.2617],,,True,False,False,2,1.0547,3.0,False,[1. 0. 0.],[0.3164 0.4219 0.2109 0.0469 0.0039]
402,4,2,[0.0088 0.0645 0.1943 0.3086 0.4238],,,False,False,True,0,0.9258,2.0,True,[0.3906 0.4688 0.1406],[0.0625 0.25   0.375  0.25   0.0625]
403,4,2,[0.     0.0537 0.2236 0.3574 0.3652],,,False,False,True,1,0.9658,2.0,True,[0.1406 0.8594 0.    ],[0.0625 0.25   0.375  0.25   0.0625]
404,4,2,[0.     0.     0.0625 0.25   0.6875],,,False,False,True,2,0.375,2.0,True,[1. 0. 0.],[0.0625 0.25   0.375  0.25   0.0625]
405,4,2,[0.0244 0.127  0.2725 0.3086 0.2676],,,False,False,False,0,1.332,2.0,False,[0.1406 0.4688 0.3906],[0.0625 0.25   0.375  0.25   0.0625]
406,4,2,[0.     0.0537 0.2236 0.3574 0.3652],,,False,False,False,1,0.9658,2.0,False,[0.1406 0.8594 0.    ],[0.0625 0.25   0.375  0.25   0.0625]
407,4,2,[0.     0.     0.0625 0.25   0.6875],,,False,False,False,2,0.375,2.0,False,[1. 0. 0.],[0.0625 0.25   0.375  0.25   0.0625]
408,4,3,[0.0407 0.2145 0.3949 0.2846 0.0653],,,True,True,True,0,1.8809,3.75,True,[0.2441 0.4395 0.2637 0.0527],[0.7725 0.206  0.0206 0.0009 0.    ]
409,4,3,[0.     0.5281 0.3445 0.1091 0.0183],,,True,True,True,1,2.3823,3.75,True,[0.0527 0.2637 0.6836 0.    ],[0.7725 0.206  0.0206 0.0009 0.    ]
410,4,3,[0.     0.     0.7317 0.2359 0.0324],,,True,True,True,2,1.6993,3.75,True,[0.0527 0.9473 0.     0.    ],[0.7725 0.206  0.0206 0.0009 0.    ]
411,4,3,[0.1886 0.3898 0.2992 0.1043 0.0181],,,True,True,False,0,2.6264,3.75,False,[0.0527 0.2637 0.4395 0.2441],[0.7725 0.206  0.0206 0.0009 0.    ]
412,4,3,[0.     0.5281 0.3445 0.1091 0.0183],,,True,True,False,1,2.3823,3.75,False,[0.0527 0.2637 0.6836 0.    ],[0.7725 0.206  0.0206 0.0009 0.    ]
413,4,3,[0.     0.     0.7317 0.2359 0.0324],,,True,True,False,2,1.6993,3.75,False,[0.0527 0.9473 0.     0.    ],[0.7725 0.206  0.0206 0.0009 0.    ]
414,4,3,[0.0167 0.1057 0.2614 0.3207 0.2955],,,False,True,True,0,1.2273,3.0,True,[0.2441 0.4395 0.2637 0.0527],[0.3164 0.4219 0.2109 0.0469 0.0039]
415,4,3,[0.     0.2163 0.3718 0.2721 0.1398],,,False,True,True,1,1.6646,3.0,True,[0.0527 0.2637 0.6836 0.    ],[0.3164 0.4219 0.2109 0.0469 0.0039]
416,4,3,[0.     0.     0.2997 0.4163 0.284 ],,,False,True,True,2,1.0158,3.0,True,[0.0527 0.9473 0.     0.    ],[0.3164 0.4219 0.2109 0.0469 0.0039]
417,4,3,[0.0772 0.242  0.3203 0.2321 0.1283],,,False,True,False,0,1.9078,3.0,False,[0.0527 0.2637 0.4395 0.2441],[0.3164 0.4219 0.2109 0.0469 0.0039]
418,4,3,[0.     0.2163 0.3718 0.2721 0.1398],,,False,True,False,1,1.6646,3.0,False,[0.0527 0.2637 0.6836 0.    ],[0.3164 0.4219 0.2109 0.0469 0.0039]
419,4,3,[0.     0.     0.2997 0.4163 0.284 ],,,False,True,False,2,1.0158,3.0,False,[0.0527 0.9473 0.     0.    ],[0.3164 0.4219 0.2109 0.0469 0.0039]
420,4,3,[0.0167 0.1057 0.2614 0.3207 0.2955],,,True,False,True,0,1.2273,3.0,True,[0.2441 0.4395 0.2637 0.0527],[0.3164 0.4219 0.2109 0.0469 0.0039]
421,4,3,[0.     0.2163 0.3718 0.2721 0.1398],,,True,False,True,1,1.6646,3.0,True,[0.0527 0.2637 0.6836 0.    ],[0.3164 0.4219 0.2109 0.0469 0.0039]
422,4,3,[0.     0.     0.2997 0.4163 0.284 ],,,True,False,True,2,1.0158,3.0,True,[0.0527 0.9473 0.     0.    ],[0.3164 0.4219 0.2109 0.0469 0.0039]
423,4,3,[0.0772 0.242  0.3203 0.2321 0.1283],,,True,False,False,0,1.9078,3.0,False,[0.0527 0.2637 0.4395 0.2441],[0.3164 0.4219 0.2109 0.0469 0.0039]
424,4,3,[0.     0.2163 0.3718 0.2721 0.1398],,,True,False,False,1,1.6646,3.0,False,[0.0527 0.2637 0.6836 0.    ],[0.3164 0.4219 0.2109 0.0469 0.0039]
425,4,3,[0.     0.     0.2997 0.4163 0.284 ],,,True,False,False,2,1.0158,3.0,False,[0.0527 0.9473 0.     0.    ],[0.3164 0.4219 0.2109 0.0469 0.0039]
426,4,3,[0.0033 0.0297 0.1132 0.2372 0.6167],,,False,False,True,0,0.5657,2.0,True,[0.2441 0.4395 0.2637 0.0527],[0.0625 0.25   0.375  0.25   0.0625]
427,4,3,[0.     0.0427 0.1874 0.3256 0.4443],,,False,False,True,1,0.8285,2.0,True,[0.0527 0.2637 0.6836 0.    ],[0.0625 0.25   0.375  0.25   0.0625]
428,4,3,[0.     0.     0.0592 0.2401 0.7007],,,False,False,True,2,0.3585,2.0,True,[0.0527 0.9473 0.     0.    ],[0.0625 0.25   0.375  0.25   0.0625]
429,4,3,[0.0153 0.0885 0.2179 0.295  0.3833],,,False,False,False,0,1.0574,2.0,False,[0.0527 0.2637 0.4395 0.2441],[0.0625 0.25   0.375  0.25   0.0625]
430,4,3,[0.     0.0427 0.1874 0.3256 0.4443],,,False,False,False,1,0.8285,2.0,False,[0.0527 0.2637 0.6836 0.    ],[0.0625 0.25   0.375  0.25   0.0625]
431,4,3,[0.     0.     0.0592 0.2401 0.7007],,,False,False,False,2,0.3585,2.0,False,[0.0527 0.9473 0.     0.    ],[0.0625 0.25   0.375  0.25   0.0625]
432,4,4,[0.0153 0.1059 0.2822 0.3535 0.2431],,,True,True,True,0,1.2967,3.75,True,[0.1526 0.3662 0.3296 0.1318 0.0198],[0.7725 0.206  0.0206 0.0009 0.    ]
433,4,4,[0.     0.4008 0.3615 0.1804 0.0574],,,True,True,True,1,2.1056,3.75,True,[0.0198 0.1318 0.3296 0.5188 0.    ],[0.7725 0.206  0.0206 0.0009 0.    ]
434,4,4,[0.     0.     0.6554 0.2766 0.068 ],,,True,True,True,2,1.5873,3.75,True,[0.0198 0.1318 0.8484 0.     0.    ],[0.7725 0.206  0.0206 0.0009 0.    ]
435,4,4,[0.1179 0.3143 0.3332 0.1774 0.0572],,,True,True,False,0,2.2582,3.75,False,[0.0198 0.1318 0.3296 0.3662 0.1526],[0.7725 0.206  0.0206 0.0009 0.    ]
436,4,4,[0.     0.4008 0.3615 0.1804 0.0574],,,True,True,False,1,2.1056,3.75,False,[0.0198 0.1318 0.3296 0.5188 0.    ],[0.7725 0.206  0.0206 0.0009 0.    ]
437,4,4,[0.     0.     0.6554 0.2766 0.068 ],,,True,True,False,2,1.5873,3.75,False,[0.0198 0.1318 0.8484 0.     0.    ],[0.7725 0.206  0.0206 0.0009 0.    ]
438,4,4,[0.0063 0.0501 0.1641 0.2837 0.496 ],,,False,True,True,0,0.787,3.0,True,[0.1526 0.3662 0.3296 0.1318 0.0198],[0.3164 0.4219 0.2109 0.0469 0.0039]
439,4,4,[0.     0.1642 0.3232 0.2902 0.2225],,,False,True,True,1,1.429,3.0,True,[0.0198 0.1318 0.3296 0.5188 0.    ],[0.3164 0.4219 0.2109 0.0469 0.0039]
440,4,4,[0.     0.     0.2684 0.3996 0.3319],,,False,True,True,2,0.9365,3.0,True,[0.0198 0.1318 0.8484 0.     0.    ],[0.3164 0.4219 0.2109 0.0469 0.0039]
441,4,4,[0.0483 0.1802 0.291  0.2652 0.2154],,,False,True,False,0,1.5809,3.0,False,[0.0198 0.1318 0.3296 0.3662 0.1526],[0.3164 0.4219 0.2109 0.0469 0.0039]
442,4,4,[0.     0.1642 0.3232 0.2902 0.2225],,,False,True,False,1,1.429,3.0,False,[0.0198 0.1318 0.3296 0.5188 0.    ],[0.3164 0.4219 0.2109 0.0469 0.0039]
443,4,4,[0.     0.     0.2684 0.3996 0.3319],,,False,True,False,2,0.9365,3.0,False,[0.0198 0.1318 0.8484 0.     0.    ],[0.3164 0.4219 0.2109 0.0469 0.0039]
444,4,4,[0.0063 0.0501 0.1641 0.2837 0.496 ],,,True,False,True,0,0.787,3.0,True,[0.1526 0.3662 0.3296 0.1318 0.0198],[0.3164 0.4219 0.2109 0.0469 0.0039]
445,4,4,[0.     0.1642 0.3232 0.2902 0.2225],,,True,False,True,1,1.429,3.0,True,[0.0198 0.1318 0.3296 0.5188 0.    ],[0.3164 0.4219 0.2109 0.0469 0.0039]
446,4,4,[0.     0.     0.2684 0.3996 0.3319],,,True,False,True,2,0.9365,3.0,True,[0.0198 0.1318 0.8484 0.     0.    ],[0.3164 0.4219 0.2109 0.0469 0.0039]
447,4,4,[0.0483 0.1802 0.291  0.2652 0.2154],,,True,False,False,0,1.5809,3.0,False,[0.0198 0.1318 0.3296 0.3662 0.1526],[0.3164 0.4219 0.2109 0.0469 0.0039]
448,4,4,[0.     0.1642 0.3232 0.2902 0.2225],,,True,False,False,1,1.429,3.0,False,[0.0198 0.1318 0.3296 0.5188 0.    ],[0.3164 0.4219 0.2109 0.0469 0.0039]
449,4,4,[0.     0.     0.2684 0.3996 0.3319],,,True,False,False,2,0.9365,3.0,False,[0.0198 0.1318 0.8484 0.     0.    ],[0.3164 0.4219 0.2109 0.0469 0.0039]
450,4,4,[0.0012 0.0132 0.061  0.1597 0.7649],,,False,False,True,0,0.3261,2.0,True,[0.1526 0.3662 0.3296 0.1318 0.0198],[0.0625 0.25   0.375  0.25   0.0625]
451,4,4,[0.     0.0324 0.1503 0.2852 0.5321],,,False,False,True,1,0.6831,2.0,True,[0.0198 0.1318 0.3296 0.5188 0.    ],[0.0625 0.25   0.375  0.25   0.0625]
452,4,4,[0.     0.     0.053  0.2203 0.7266],,,False,False,True,2,0.3264,2.0,True,[0.0198 0.1318 0.8484 0.     0.    ],[0.0625 0.25   0.375  0.25   0.0625]
453,4,4,[0.0095 0.061  0.1694 0.2661 0.4939],,,False,False,False,0,0.8261,2.0,False,[0.0198 0.1318 0.3296 0.3662 0.1526],[0.0625 0.25   0.375  0.25   0.0625]
454,4,4,[0.     0.0324 0.1503 0.2852 0.5321],,,False,False,False,1,0.6831,2.0,False,[0.0198 0.1318 0.3296 0.5188 0.    ],[0.0625 0.25   0.375  0.25   0.0625]
455,4,4,[0.     0.     0.053  0.2203 0.7266],,,False,False,False,2,0.3264,2.0,False,[0.0198 0.1318 0.8484 0.     0.    ],[0.0625 0.25   0.375  0.25   0.0625]
456,4,5,[0.0057 0.0493 0.172  0.3089 0.4641],,,True,True,True,0,0.8236,3.75,True,[0.0954 0.2861 0.3433 0.206  0.0618 0.0074],[0.     0.7725 0.206  0.0206 0.0009 0.    ]
457,4,5,[0.     0.2947 0.3438 0.2377 0.1238],,,True,True,True,1,1.8093,3.75,True,[0.0074 0.0618 0.206  0.3433 0.3815 0.    ],[0.     0.7725 0.206  0.0206 0.0009 0.    ]
458,4,5,[0.     0.     0.5599 0.3084 0.1317],,,True,True,True,2,1.4282,3.75,True,[0.0074 0.0618 0.206  0.7248 0.     0.    ],[0.     0.7725 0.206  0.0206 0.0009 0.    ]
459,4,5,[0.0737 0.2407 0.3261 0.2358 0.1237],,,True,True,False,0,1.9047,3.75,False,[0.0074 0.0618 0.206  0.3433 0.2861 0.0954],[0.     0.7725 0.206  0.0206 0.0009 0.    ]
460,4,5,[0.     0.2947 0.3438 0.2377 0.1238],,,True,True,False,1,1.8093,3.75,False,[0.0074 0.0618 0.206  0.3433 0.3815 0.    ],[0.     0.7725 0.206  0.0206 0.0009 0.    ]
461,4,5,[0.     0.     0.5599 0.3084 0.1317],,,True,True,False,2,1.4282,3.75,False,[0.0074 0.0618 0.206  0.7248 0.     0.    ],[0.     0.7725 0.206  0.0206 0.0009 0.    ]
462,4,5,[0.0023 0.0227 0.0928 0.2089 0.6732],,,False,True,True,0,0.472,3.0,True,[0.0954 0.2861 0.3433 0.206  0.0618 0.0074],[0.     0.3164 0.4219 0.2109 0.0469 0.0039]
463,4,5,[0.     0.1207 0.2696 0.2905 0.3193],,,False,True,True,1,1.1917,3.0,True,[0.0074 0.0618 0.206  0.3433 0.3815 0.    ],[0.     0.3164 0.4219 0.2109 0.0469 0.0039]
464,4,5,[0.     0.     0.2293 0.3709 0.3997],,,False,True,True,2,0.8296,3.0,True,[0.0074 0.0618 0.206  0.7248 0.     0.    ],[0.     0.3164 0.4219 0.2109 0.0469 0.0039]
465,4,5,[0.0302 0.1308 0.2494 0.2748 0.3148],,,False,True,False,0,1.2867,3.0,False,[0.0074 0.0618 0.206  0.3433 0.2861 0.0954],[0.     0.3164 0.4219 0.2109 0.0469 0.0039]
466,4,5,[0.     0.1207 0.2696 0.2905 0.3193],,,False,True,False,1,1.1917,3.0,False,[0.0074 0.0618 0.206  0.3433 0.3815 0.    ],[0.     0.3164 0.4219 0.2109 0.0469 0.0039]
467,4,5,[0.     0.     0.2293 0.3709 0.3997],,,False,True,False,2,0.8296,3.0,False,[0.0074 0.0618 0.206  0.7248 0.     0.    ],[0.     0.3164 0.4219 0.2109 0.0469 0.0039]
468,4,5,[0.0023 0.0227 0.0928 0.2089 0.6732],,,True,False,True,0,0.472,3.0,True,[0.0954 0.2861 0.3433 0.206  0.0618 0.0074],[0.     0.3164 0.4219 0.2109 0.0469 0.0039]
469,4,5,[0.     0.1207 0.2696 0.2905 0.3193],,,True,False,True,1,1.1917,3.0,True,[0.0074 0.0618 0.206  0.3433 0.3815 0.    ],[0.     0.3164 0.4219 0.2109 0.0469 0.0039]
470,4,5,[0.     0.     0.2293 0.3709 0.3997],,,True,False,True,2,0.8296,3.0,True,[0.0074 0.0618 0.206  0.7248 0.     0.    ],[0.     0.3164 0.4219 0.2109 0.0469 0.0039]
471,4,5,[0.0302 0.1308 0.2494 0.2748 0.3148],,,True,False,False,0,1.2867,3.0,False,[0.0074 0.0618 0.206  0.3433 0.2861 0.0954],[0.     0.3164 0.4219 0.2109 0.0469 0.0039]
472,4,5,[0.     0.1207 0.2696 0.2905 0.3193],,,True,False,False,1,1.1917,3.0,False,[0.0074 0.0618 0.206  0.3433 0.3815 0.    ],[0.     0.3164 0.4219 0.2109 0.0469 0.0039]
473,4,5,[0.     0.     0.2293 0.3709 0.3997],,,True,False,False,2,0.8296,3.0,False,[0.0074 0.0618 0.206  0.7248 0.     0.    ],[0.     0.3164 0.4219 0.2109 0.0469 0.0039]
474,4,5,[5.000e-04 5.700e-03 3.110e-02 9.800e-02 8.647e-01],,,False,False,True,0,0.1792,2.0,True,[0.0954 0.2861 0.3433 0.206  0.0618 0.0074],[0.     0.0625 0.25   0.375  0.25   0.0625]
475,4,5,[0.     0.0238 0.1168 0.2418 0.6176],,,False,False,True,1,0.5469,2.0,True,[0.0074 0.0618 0.206  0.3433 0.3815 0.    ],[0.     0.0625 0.25   0.375  0.25   0.0625]
476,4,5,[0.     0.     0.0453 0.1941 0.7606],,,False,False,True,2,0.2847,2.0,True,[0.0074 0.0618 0.206  0.7248 0.     0.    ],[0.     0.0625 0.25   0.375  0.25   0.0625]
477,4,5,[0.006  0.0417 0.1287 0.2298 0.5937],,,False,False,False,0,0.6363,2.0,False,[0.0074 0.0618 0.206  0.3433 0.2861 0.0954],[0.     0.0625 0.25   0.375  0.25   0.0625]
478,4,5,[0.     0.0238 0.1168 0.2418 0.6176],,,False,False,False,1,0.5469,2.0,False,[0.0074 0.0618 0.206  0.3433 0.3815 0.    ],[0.     0.0625 0.25   0.375  0.25   0.0625]
479,4,5,[0.     0.     0.0453 0.1941 0.7606],,,False,False,False,2,0.2847,2.0,False,[0.0074 0.0618 0.206  0.7248 0.     0.    ],[0.     0.0625 0.25   0.375  0.25   0.0625]
480,5,1,[0.2716 0.5431 0.1629 0.0209 0.0014 0.    ],,,True,True,True,0,4.0625,4.6875,True,[0.625 0.375],[7.242e-01 2.414e-01 3.220e-02 2.100e-03 1.000e-04 0.000e+00]
481,5,1,[0.000e+00 7.242e-01 2.414e-01 3.220e-02 2.100e-03 1.000e-04],,,True,True,True,1,3.6875,4.6875,True,[1. 0.],[7.242e-01 2.414e-01 3.220e-02 2.100e-03 1.000e-04 0.000e+00]
482,5,1,[0.000e+00 7.242e-01 2.414e-01 3.220e-02 2.100e-03 1.000e-04],,,True,True,True,2,3.6875,4.6875,True,[1. 0.],[7.242e-01 2.414e-01 3.220e-02 2.100e-03 1.000e-04 0.000e+00]
483,5,1,[0.4526 0.4224 0.1106 0.0134 0.0008 0.    ],,,True,True,False,0,4.3125,4.6875,False,[0.375 0.625],[7.242e-01 2.414e-01 3.220e-02 2.100e-03 1.000e-04 0.000e+00]
484,5,1,[0.000e+00 7.242e-01 2.414e-01 3.220e-02 2.100e-03 1.000e-04],,,True,True,False,1,3.6875,4.6875,False,[1. 0.],[7.242e-01 2.414e-01 3.220e-02 2.100e-03 1.000e-04 0.000e+00]
485,5,1,[0.000e+00 7.242e-01 2.414e-01 3.220e-02 2.100e-03 1.000e-04],,,True,True,False,2,3.6875,4.6875,False,[1. 0.],[7.242e-01 2.414e-01 3.220e-02 2.100e-03 1.000e-04 0.000e+00]
486,5,1,[0.089  0.2966 0.3461 0.1978 0.0604 0.0101],,,False,True,True,0,3.1256,3.75,True,[0.625 0.375],[0.2373 0.3955 0.2637 0.0879 0.0146 0.001 ]
487,5,1,[0.     0.2373 0.3955 0.2637 0.0879 0.0156],,,False,True,True,1,2.751,3.75,True,[1. 0.],[0.2373 0.3955 0.2637 0.0879 0.0146 0.001 ]
488,5,1,[0.     0.2373 0.3955 0.2637 0.0879 0.0156],,,False,True,True,2,2.751,3.75,True,[1. 0.],[0.2373 0.3955 0.2637 0.0879 0.0146 0.001 ]
489,5,1,[0.1483 0.3362 0.3131 0.1538 0.0421 0.0065],,,False,True,False,0,3.3754,3.75,False,[0.375 0.625],[0.2373 0.3955 0.2637 0.0879 0.0146 0.001 ]
490,5,1,[0.     0.2373 0.3955 0.2637 0.0879 0.0156],,,False,True,False,1,2.751,3.75,False,[1. 0.],[0.2373 0.3955 0.2637 0.0879 0.0146 0.001 ]
491,5,1,[0.     0.2373 0.3955 0.2637 0.0879 0.0156],,,False,True,False,2,2.751,3.75,False,[1. 0.],[0.2373 0.3955 0.2637 0.0879 0.0146 0.001 ]
492,5,1,[0.089  0.2966 0.3461 0.1978 0.0604 0.0101],,,True,False,True,0,3.1256,3.75,True,[0.625 0.375],[0.2373 0.3955 0.2637 0.0879 0.0146 0.001 ]
493,5,1,[0.     0.2373 0.3955 0.2637 0.0879 0.0156],,,True,False,True,1,2.751,3.75,True,[1. 0.],[0.2373 0.3955 0.2637 0.0879 0.0146 0.001 ]
494,5,1,[0.     0.2373 0.3955 0.2637 0.0879 0.0156],,,True,False,True,2,2.751,3.75,True,[1. 0.],[0.2373 0.3955 0.2637 0.0879 0.0146 0.001 ]
495,5,1,[0.1483 0.3362 0.3131 0.1538 0.0421 0.0065],,,True,False,False,0,3.3754,3.75,False,[0.375 0.625],[0.2373 0.3955 0.2637 0.0879 0.0146 0.001 ]
496,5,1,[0.     0.2373 0.3955 0.2637 0.0879 0.0156],,,True,False,False,1,2.751,3.75,False,[1. 0.],[0.2373 0.3955 0.2637 0.0879 0.0146 0.001 ]
497,5,1,[0.     0.2373 0.3955 0.2637 0.0879 0.0156],,,True,False,False,2,2.751,3.75,False,[1. 0.],[0.2373 0.3955 0.2637 0.0879 0.0146 0.001 ]
498,5,1,[0.0117 0.0781 0.2148 0.3125 0.2539 0.1289],,,False,False,True,0,1.8945,2.5,True,[0.625 0.375],[0.0312 0.1562 0.3125 0.3125 0.1562 0.0312]
499,5,1,[0.     0.0312 0.1562 0.3125 0.3125 0.1875],,,False,False,True,1,1.5312,2.5,True,[1. 0.],[0.0312 0.1562 0.3125 0.3125 0.1562 0.0312]
500,5,1,[0.     0.0312 0.1562 0.3125 0.3125 0.1875],,,False,False,True,2,1.5312,2.5,True,[1. 0.],[0.0312 0.1562 0.3125 0.3125 0.1562 0.0312]
501,5,1,[0.0195 0.1094 0.2539 0.3125 0.2148 0.0898],,,False,False,False,0,2.1367,2.5,False,[0.375 0.625],[0.0312 0.1562 0.3125 0.3125 0.1562 0.0312]
502,5,1,[0.     0.0312 0.1562 0.3125 0.3125 0.1875],,,False,False,False,1,1.5312,2.5,False,[1. 0.],[0.0312 0.1562 0.3125 0.3125 0.1562 0.0312]
503,5,1,[0.     0.0312 0.1562 0.3125 0.3125 0.1875],,,False,False,False,2,1.5312,2.5,False,[1. 0.],[0.0312 0.1562 0.3125 0.3125 0.1562 0.0312]
504,5,2,[0.1018 0.3734 0.4006 0.1097 0.0136 0.0009],,,True,True,True,0,3.4375,4.6875,True,[0.3906 0.4688 0.1406],[7.242e-01 2.414e-01 3.220e-02 2.100e-03 1.000e-04 0.000e+00]
505,5,2,[0.000e+00 6.224e-01 3.093e-01 6.160e-02 6.400e-03 4.000e-04],,,True,True,True,1,3.5469,4.6875,True,[0.1406 0.8594 0.    ],[7.242e-01 2.414e-01 3.220e-02 2.100e-03 1.000e-04 0.000e+00]
506,5,2,[0.     0.     0.7242 0.2414 0.0322 0.0022],,,True,True,True,2,2.6876,4.6875,True,[1. 0. 0.],[7.242e-01 2.414e-01 3.220e-02 2.100e-03 1.000e-04 0.000e+00]
507,5,2,[2.829e-01 4.338e-01 2.276e-01 4.990e-02 5.600e-03 3.000e-04],,,True,True,False,0,3.9375,4.6875,False,[0.1406 0.4688 0.3906],[7.242e-01 2.414e-01 3.220e-02 2.100e-03 1.000e-04 0.000e+00]
508,5,2,[0.000e+00 6.224e-01 3.093e-01 6.160e-02 6.400e-03 4.000e-04],,,True,True,False,1,3.5469,4.6875,False,[0.1406 0.8594 0.    ],[7.242e-01 2.414e-01 3.220e-02 2.100e-03 1.000e-04 0.000e+00]
509,5,2,[0.     0.     0.7242 0.2414 0.0322 0.0022],,,True,True,False,2,2.6876,4.6875,False,[1. 0. 0.],[7.242e-01 2.414e-01 3.220e-02 2.100e-03 1.000e-04 0.000e+00]
510,5,2,[0.0334 0.1669 0.3152 0.2905 0.1463 0.0479],,,False,True,True,0,2.5069,3.75,True,[0.3906 0.4688 0.1406],[0.2373 0.3955 0.2637 0.0879 0.0146 0.001 ]
511,5,2,[0.     0.2039 0.3733 0.2822 0.1126 0.028 ],,,False,True,True,1,2.6125,3.75,True,[0.1406 0.8594 0.    ],[0.2373 0.3955 0.2637 0.0879 0.0146 0.001 ]
512,5,2,[0.     0.     0.2373 0.3955 0.2637 0.1035],,,False,True,True,2,1.7666,3.75,True,[1. 0. 0.],[0.2373 0.3955 0.2637 0.0879 0.0146 0.001 ]
513,5,2,[0.0927 0.2657 0.3218 0.2135 0.084  0.0223],,,False,True,False,0,3.0028,3.75,False,[0.1406 0.4688 0.3906],[0.2373 0.3955 0.2637 0.0879 0.0146 0.001 ]
514,5,2,[0.     0.2039 0.3733 0.2822 0.1126 0.028 ],,,False,True,False,1,2.6125,3.75,False,[0.1406 0.8594 0.    ],[0.2373 0.3955 0.2637 0.0879 0.0146 0.001 ]
515,5,2,[0.     0.     0.2373 0.3955 0.2637 0.1035],,,False,True,False,2,1.7666,3.75,False,[1. 0. 0.],[0.2373 0.3955 0.2637 0.0879 0.0146 0.001 ]
516,5,2,[0.0334 0.1669 0.3152 0.2905 0.1463 0.0479],,,True,False,True,0,2.5069,3.75,True,[0.3906 0.4688 0.1406],[0.2373 0.3955 0.2637 0.0879 0.0146 0.001 ]
517,5,2,[0.     0.2039 0.3733 0.2822 0.1126 0.028 ],,,True,False,True,1,2.6125,3.75,True,[0.1406 0.8594 0.    ],[0.2373 0.3955 0.2637 0.0879 0.0146 0.001 ]
518,5,2,[0.     0.     0.2373 0.3955 0.2637 0.1035],,,True,False,True,2,1.7666,3.75,True,[1. 0. 0.],[0.2373 0.3955 0.2637 0.0879 0.0146 0.001 ]
519,5,2,[0.0927 0.2657 0.3218 0.2135 0.084  0.0223],,,True,False,False,0,3.0028,3.75,False,[0.1406 0.4688 0.3906],[0.2373 0.3955 0.2637 0.0879 0.0146 0.001 ]
520,5,2,[0.     0.2039 0.3733 0.2822 0.1126 0.028 ],,,True,False,False,1,2.6125,3.75,False,[0.1406 0.8594 0.    ],[0.2373 0.3955 0.2637 0.0879 0.0146 0.001 ]
521,5,2,[0.     0.     0.2373 0.3955 0.2637 0.1035],,,True,False,False,2,1.7666,3.75,False,[1. 0. 0.],[0.2373 0.3955 0.2637 0.0879 0.0146 0.001 ]
522,5,2,[0.0044 0.0366 0.1294 0.2515 0.2905 0.2876],,,False,False,True,0,1.3501,2.5,True,[0.3906 0.4688 0.1406],[0.0312 0.1562 0.3125 0.3125 0.1562 0.0312]
523,5,2,[0.     0.0269 0.1387 0.2905 0.3125 0.2314],,,False,False,True,1,1.417,2.5,True,[0.1406 0.8594 0.    ],[0.0312 0.1562 0.3125 0.3125 0.1562 0.0312]
524,5,2,[0.     0.     0.0312 0.1562 0.3125 0.5   ],,,False,False,True,2,0.7188,2.5,True,[1. 0. 0.],[0.0312 0.1562 0.3125 0.3125 0.1562 0.0312]
525,5,2,[0.0122 0.0757 0.1997 0.2905 0.2515 0.1704],,,False,False,False,0,1.7954,2.5,False,[0.1406 0.4688 0.3906],[0.0312 0.1562 0.3125 0.3125 0.1562 0.0312]
526,5,2,[0.     0.0269 0.1387 0.2905 0.3125 0.2314],,,False,False,False,1,1.417,2.5,False,[0.1406 0.8594 0.    ],[0.0312 0.1562 0.3125 0.3125 0.1562 0.0312]
527,5,2,[0.     0.     0.0312 0.1562 0.3125 0.5   ],,,False,False,False,2,0.7188,2.5,False,[1. 0. 0.],[0.0312 0.1562 0.3125 0.3125 0.1562 0.0312]
528,5,3,[0.0382 0.2037 0.3836 0.2915 0.0736 0.0094],,,True,True,True,0,2.8131,4.6875,True,[0.2441 0.4395 0.2637 0.0527],[7.242e-01 2.414e-01 3.220e-02 2.100e-03 1.000e-04 0.000e+00]
529,5,3,[0.     0.4951 0.356  0.1238 0.0227 0.0024],,,True,True,True,1,3.3185,4.6875,True,[0.0527 0.2637 0.6836 0.    ],[7.242e-01 2.414e-01 3.220e-02 2.100e-03 1.000e-04 0.000e+00]
530,5,3,[0.     0.     0.686  0.2669 0.0432 0.0039],,,True,True,True,2,2.635,4.6875,True,[0.0527 0.9473 0.     0.    ],[7.242e-01 2.414e-01 3.220e-02 2.100e-03 1.000e-04 0.000e+00]
531,5,3,[0.1768 0.3772 0.3049 0.1165 0.0222 0.0024],,,True,True,False,0,3.5626,4.6875,False,[0.0527 0.2637 0.4395 0.2441],[7.242e-01 2.414e-01 3.220e-02 2.100e-03 1.000e-04 0.000e+00]
532,5,3,[0.     0.4951 0.356  0.1238 0.0227 0.0024],,,True,True,False,1,3.3185,4.6875,False,[0.0527 0.2637 0.6836 0.    ],[7.242e-01 2.414e-01 3.220e-02 2.100e-03 1.000e-04 0.000e+00]
533,5,3,[0.     0.     0.686  0.2669 0.0432 0.0039],,,True,True,False,2,2.635,4.6875,False,[0.0527 0.9473 0.     0.    ],[7.242e-01 2.414e-01 3.220e-02 2.100e-03 1.000e-04 0.000e+00]
534,5,3,[0.0125 0.0834 0.2225 0.3059 0.2364 0.1393],,,False,True,True,0,1.9119,3.75,True,[0.2441 0.4395 0.2637 0.0527],[0.2373 0.3955 0.2637 0.0879 0.0146 0.001 ]
535,5,3,[0.     0.1622 0.3329 0.297  0.1505 0.0573],,,False,True,True,1,2.3922,3.75,True,[0.0527 0.2637 0.6836 0.    ],[0.2373 0.3955 0.2637 0.0879 0.0146 0.001 ]
536,5,3,[0.     0.     0.2248 0.3872 0.2706 0.1174],,,False,True,True,2,1.7193,3.75,True,[0.0527 0.9473 0.     0.    ],[0.2373 0.3955 0.2637 0.0879 0.0146 0.001 ]
537,5,3,[0.0579 0.2008 0.3008 0.2541 0.1326 0.0538],,,False,True,False,0,2.6361,3.75,False,[0.0527 0.2637 0.4395 0.2441],[0.2373 0.3955 0.2637 0.0879 0.0146 0.001 ]
538,5,3,[0.     0.1622 0.3329 0.297  0.1505 0.0573],,,False,True,False,1,2.3922,3.75,False,[0.0527 0.2637 0.6836 0.    ],[0.2373 0.3955 0.2637 0.0879 0.0146 0.001 ]
539,5,3,[0.     0.     0.2248 0.3872 0.2706 0.1174],,,False,True,False,2,1.7193,3.75,False,[0.0527 0.9473 0.     0.    ],[0.2373 0.3955 0.2637 0.0879 0.0146 0.001 ]
540,5,3,[0.0125 0.0834 0.2225 0.3059 0.2364 0.1393],,,True,False,True,0,1.9119,3.75,True,[0.2441 0.4395 0.2637 0.0527],[0.2373 0.3955 0.2637 0.0879 0.0146 0.001 ]
541,5,3,[0.     0.1622 0.3329 0.297  0.1505 0.0573],,,True,False,True,1,2.3922,3.75,True,[0.0527 0.2637 0.6836 0.    ],[0.2373 0.3955 0.2637 0.0879 0.0146 0.001 ]
542,5,3,[0.     0.     0.2248 0.3872 0.2706 0.1174],,,True,False,True,2,1.7193,3.75,True,[0.0527 0.9473 0.     0.    ],[0.2373 0.3955 0.2637 0.0879 0.0146 0.001 ]
543,5,3,[0.0579 0.2008 0.3008 0.2541 0.1326 0.0538],,,True,False,False,0,2.6361,3.75,False,[0.0527 0.2637 0.4395 0.2441],[0.2373 0.3955 0.2637 0.0879 0.0146 0.001 ]
544,5,3,[0.     0.1622 0.3329 0.297  0.1505 0.0573],,,True,False,False,1,2.3922,3.75,False,[0.0527 0.2637 0.6836 0.    ],[0.2373 0.3955 0.2637 0.0879 0.0146 0.001 ]
545,5,3,[0.     0.     0.2248 0.3872 0.2706 0.1174],,,True,False,False,2,1.7193,3.75,False,[0.0527 0.9473 0.     0.    ],[0.2373 0.3955 0.2637 0.0879 0.0146 0.001 ]
546,5,3,[0.0016 0.0165 0.0714 0.1752 0.2661 0.4692],,,False,False,True,0,0.9048,2.5,True,[0.2441 0.4395 0.2637 0.0527],[0.0312 0.1562 0.3125 0.3125 0.1562 0.0312]
547,5,3,[0.     0.0214 0.1151 0.2565 0.3043 0.3029],,,False,False,True,1,1.2478,2.5,True,[0.0527 0.2637 0.6836 0.    ],[0.0312 0.1562 0.3125 0.3125 0.1562 0.0312]
548,5,3,[0.     0.     0.0296 0.1497 0.3043 0.5165],,,False,False,True,2,0.6924,2.5,True,[0.0527 0.9473 0.     0.    ],[0.0312 0.1562 0.3125 0.3125 0.1562 0.0312]
549,5,3,[0.0076 0.0519 0.1532 0.2565 0.2661 0.2647],,,False,False,False,0,1.4843,2.5,False,[0.0527 0.2637 0.4395 0.2441],[0.0312 0.1562 0.3125 0.3125 0.1562 0.0312]
550,5,3,[0.     0.0214 0.1151 0.2565 0.3043 0.3029],,,False,False,False,1,1.2478,2.5,False,[0.0527 0.2637 0.6836 0.    ],[0.0312 0.1562 0.3125 0.3125 0.1562 0.0312]
551,5,3,[0.     0.     0.0296 0.1497 0.3043 0.5165],,,False,False,False,2,0.6924,2.5,False,[0.0527 0.9473 0.     0.    ],[0.0312 0.1562 0.3125 0.3125 0.1562 0.0312]
552,5,4,[0.0143 0.1002 0.2711 0.3491 0.2098 0.0554],,,True,True,True,0,2.194,4.6875,True,[0.1526 0.3662 0.3296 0.1318 0.0198],[7.242e-01 2.414e-01 3.220e-02 2.100e-03 1.000e-04 0.000e+00]
553,5,4,[0.     0.3757 0.3639 0.1917 0.0579 0.0108],,,True,True,True,1,3.036,4.6875,True,[0.0198 0.1318 0.3296 0.5188 0.    ],[7.242e-01 2.414e-01 3.220e-02 2.100e-03 1.000e-04 0.000e+00]
554,5,4,[0.     0.     0.6144 0.3003 0.0735 0.0119],,,True,True,True,2,2.5172,4.6875,True,[0.0198 0.1318 0.8484 0.     0.    ],[7.242e-01 2.414e-01 3.220e-02 2.100e-03 1.000e-04 0.000e+00]
555,5,4,[0.1105 0.302  0.332  0.1872 0.0576 0.0107],,,True,True,False,0,3.1886,4.6875,False,[0.0198 0.1318 0.3296 0.3662 0.1526],[7.242e-01 2.414e-01 3.220e-02 2.100e-03 1.000e-04 0.000e+00]
556,5,4,[0.     0.3757 0.3639 0.1917 0.0579 0.0108],,,True,True,False,1,3.036,4.6875,False,[0.0198 0.1318 0.3296 0.5188 0.    ],[7.242e-01 2.414e-01 3.220e-02 2.100e-03 1.000e-04 0.000e+00]
557,5,4,[0.     0.     0.6144 0.3003 0.0735 0.0119],,,True,True,False,2,2.5172,4.6875,False,[0.0198 0.1318 0.8484 0.     0.    ],[7.242e-01 2.414e-01 3.220e-02 2.100e-03 1.000e-04 0.000e+00]
558,5,4,[0.0047 0.0391 0.1356 0.2538 0.2798 0.287 ],,,False,True,True,0,1.3739,3.75,True,[0.1526 0.3662 0.3296 0.1318 0.0198],[0.2373 0.3955 0.2637 0.0879 0.0146 0.001 ]
559,5,4,[0.     0.1231 0.2834 0.2984 0.1893 0.1057],,,False,True,True,1,2.1289,3.75,True,[0.0198 0.1318 0.3296 0.5188 0.    ],[0.2373 0.3955 0.2637 0.0879 0.0146 0.001 ]
560,5,4,[0.     0.     0.2013 0.3668 0.2805 0.1513],,,False,True,True,2,1.6182,3.75,True,[0.0198 0.1318 0.8484 0.     0.    ],[0.2373 0.3955 0.2637 0.0879 0.0146 0.001 ]
561,5,4,[0.0362 0.1473 0.2633 0.2716 0.1782 0.1035],,,False,True,False,0,2.2813,3.75,False,[0.0198 0.1318 0.3296 0.3662 0.1526],[0.2373 0.3955 0.2637 0.0879 0.0146 0.001 ]
562,5,4,[0.     0.1231 0.2834 0.2984 0.1893 0.1057],,,False,True,False,1,2.1289,3.75,False,[0.0198 0.1318 0.3296 0.5188 0.    ],[0.2373 0.3955 0.2637 0.0879 0.0146 0.001 ]
563,5,4,[0.     0.     0.2013 0.3668 0.2805 0.1513],,,False,True,False,2,1.6182,3.75,False,[0.0198 0.1318 0.8484 0.     0.    ],[0.2373 0.3955 0.2637 0.0879 0.0146 0.001 ]
564,5,4,[0.0047 0.0391 0.1356 0.2538 0.2798 0.287 ],,,True,False,True,0,1.3739,3.75,True,[0.1526 0.3662 0.3296 0.1318 0.0198],[0.2373 0.3955 0.2637 0.0879 0.0146 0.001 ]
565,5,4,[0.     0.1231 0.2834 0.2984 0.1893 0.1057],,,True,False,True,1,2.1289,3.75,True,[0.0198 0.1318 0.3296 0.5188 0.    ],[0.2373 0.3955 0.2637 0.0879 0.0146 0.001 ]
566,5,4,[0.     0.     0.2013 0.3668 0.2805 0.1513],,,True,False,True,2,1.6182,3.75,True,[0.0198 0.1318 0.8484 0.     0.    ],[0.2373 0.3955 0.2637 0.0879 0.0146 0.001 ]
567,5,4,[0.0362 0.1473 0.2633 0.2716 0.1782 0.1035],,,True,False,False,0,2.2813,3.75,False,[0.0198 0.1318 0.3296 0.3662 0.1526],[0.2373 0.3955 0.2637 0.0879 0.0146 0.001 ]
568,5,4,[0.     0.1231 0.2834 0.2984 0.1893 0.1057],,,True,False,False,1,2.1289,3.75,False,[0.0198 0.1318 0.3296 0.5188 0.    ],[0.2373 0.3955 0.2637 0.0879 0.0146 0.001 ]
569,5,4,[0.     0.     0.2013 0.3668 0.2805 0.1513],,,True,False,False,2,1.6182,3.75,False,[0.0198 0.1318 0.8484 0.     0.    ],[0.2373 0.3955 0.2637 0.0879 0.0146 0.001 ]
570,5,4,[6.000e-04 7.200e-03 3.710e-02 1.103e-01 2.093e-01 6.355e-01],,,False,False,True,0,0.5731,2.5,True,[0.1526 0.3662 0.3296 0.1318 0.0198],[0.0312 0.1562 0.3125 0.3125 0.1562 0.0312]
571,5,4,[0.     0.0162 0.0914 0.2177 0.2863 0.3883],,,False,False,True,1,1.0608,2.5,True,[0.0198 0.1318 0.3296 0.5188 0.    ],[0.0312 0.1562 0.3125 0.3125 0.1562 0.0312]
572,5,4,[0.     0.     0.0265 0.1367 0.2863 0.5505],,,False,False,True,2,0.6392,2.5,True,[0.0198 0.1318 0.8484 0.     0.    ],[0.0312 0.1562 0.3125 0.3125 0.1562 0.0312]
573,5,4,[0.0048 0.0353 0.1152 0.2177 0.2625 0.3645],,,False,False,False,0,1.2086,2.5,False,[0.0198 0.1318 0.3296 0.3662 0.1526],[0.0312 0.1562 0.3125 0.3125 0.1562 0.0312]
574,5,4,[0.     0.0162 0.0914 0.2177 0.2863 0.3883],,,False,False,False,1,1.0608,2.5,False,[0.0198 0.1318 0.3296 0.5188 0.    ],[0.0312 0.1562 0.3125 0.3125 0.1562 0.0312]
575,5,4,[0.     0.     0.0265 0.1367 0.2863 0.5505],,,False,False,False,2,0.6392,2.5,False,[0.0198 0.1318 0.8484 0.     0.    ],[0.0312 0.1562 0.3125 0.3125 0.1562 0.0312]
576,5,5,[0.0054 0.0465 0.1643 0.3004 0.2968 0.1865],,,True,True,True,0,1.6036,4.6875,True,[0.0954 0.2861 0.3433 0.206  0.0618 0.0074],[7.242e-01 2.414e-01 3.220e-02 2.100e-03 1.000e-04 0.000e+00]
577,5,5,[0.     0.2763 0.3407 0.2443 0.1063 0.0323],,,True,True,True,1,2.7222,4.6875,True,[0.0074 0.0618 0.206  0.3433 0.3815 0.    ],[7.242e-01 2.414e-01 3.220e-02 2.100e-03 1.000e-04 0.000e+00]
578,5,5,[0.     0.     0.5249 0.3241 0.1178 0.0332],,,True,True,True,2,2.3408,4.6875,True,[0.0074 0.0618 0.206  0.7248 0.     0.    ],[7.242e-01 2.414e-01 3.220e-02 2.100e-03 1.000e-04 0.000e+00]
579,5,5,[0.0691 0.2302 0.3208 0.2415 0.1062 0.0323],,,True,True,False,0,2.8176,4.6875,False,[0.0074 0.0618 0.206  0.3433 0.2861 0.0954],[7.242e-01 2.414e-01 3.220e-02 2.100e-03 1.000e-04 0.000e+00]
580,5,5,[0.     0.2763 0.3407 0.2443 0.1063 0.0323],,,True,True,False,1,2.7222,4.6875,False,[0.0074 0.0618 0.206  0.3433 0.3815 0.    ],[7.242e-01 2.414e-01 3.220e-02 2.100e-03 1.000e-04 0.000e+00]
581,5,5,[0.     0.     0.5249 0.3241 0.1178 0.0332],,,True,True,False,2,2.3408,4.6875,False,[0.0074 0.0618 0.206  0.7248 0.     0.    ],[7.242e-01 2.414e-01 3.220e-02 2.100e-03 1.000e-04 0.000e+00]
582,5,5,[0.0018 0.0176 0.0753 0.1799 0.2635 0.4619],,,False,True,True,0,0.9283,3.75,True,[0.0954 0.2861 0.3433 0.206  0.0618 0.0074],[0.2373 0.3955 0.2637 0.0879 0.0146 0.001 ]
583,5,5,[0.     0.0905 0.2323 0.2853 0.2202 0.1717],,,False,True,True,1,1.8498,3.75,True,[0.0074 0.0618 0.206  0.3433 0.3815 0.    ],[0.2373 0.3955 0.2637 0.0879 0.0146 0.001 ]
584,5,5,[0.     0.     0.172  0.3355 0.2872 0.2052],,,False,True,True,2,1.4743,3.75,True,[0.0074 0.0618 0.206  0.7248 0.     0.    ],[0.2373 0.3955 0.2637 0.0879 0.0146 0.001 ]
585,5,5,[0.0226 0.1056 0.2198 0.2685 0.2132 0.1703],,,False,True,False,0,1.9451,3.75,False,[0.0074 0.0618 0.206  0.3433 0.2861 0.0954],[0.2373 0.3955 0.2637 0.0879 0.0146 0.001 ]
586,5,5,[0.     0.0905 0.2323 0.2853 0.2202 0.1717],,,False,True,False,1,1.8498,3.75,False,[0.0074 0.0618 0.206  0.3433 0.3815 0.    ],[0.2373 0.3955 0.2637 0.0879 0.0146 0.001 ]
587,5,5,[0.     0.     0.172  0.3355 0.2872 0.2052],,,False,True,False,2,1.4743,3.75,False,[0.0074 0.0618 0.206  0.7248 0.     0.    ],[0.2373 0.3955 0.2637 0.0879 0.0146 0.001 ]
588,5,5,[0.0018 0.0176 0.0753 0.1799 0.2635 0.4619],,,True,False,True,0,0.9283,3.75,True,[0.0954 0.2861 0.3433 0.206  0.0618 0.0074],[0.2373 0.3955 0.2637 0.0879 0.0146 0.001 ]
589,5,5,[0.     0.0905 0.2323 0.2853 0.2202 0.1717],,,True,False,True,1,1.8498,3.75,True,[0.0074 0.0618 0.206  0.3433 0.3815 0.    ],[0.2373 0.3955 0.2637 0.0879 0.0146 0.001 ]
590,5,5,[0.     0.     0.172  0.3355 0.2872 0.2052],,,True,False,True,2,1.4743,3.75,True,[0.0074 0.0618 0.206  0.7248 0.     0.    ],[0.2373 0.3955 0.2637 0.0879 0.0146 0.001 ]
591,5,5,[0.0226 0.1056 0.2198 0.2685 0.2132 0.1703],,,True,False,False,0,1.9451,3.75,False,[0.0074 0.0618 0.206  0.3433 0.2861 0.0954],[0.2373 0.3955 0.2637 0.0879 0.0146 0.001 ]
592,5,5,[0.     0.0905 0.2323 0.2853 0.2202 0.1717],,,True,False,False,1,1.8498,3.75,False,[0.0074 0.0618 0.206  0.3433 0.3815 0.    ],[0.2373 0.3955 0.2637 0.0879 0.0146 0.001 ]
593,5,5,[0.     0.     0.172  0.3355 0.2872 0.2052],,,True,False,False,2,1.4743,3.75,False,[0.0074 0.0618 0.206  0.7248 0.     0.    ],[0.2373 0.3955 0.2637 0.0879 0.0146 0.001 ]
594,5,5,[2.000e-04 3.100e-03 1.840e-02 6.450e-02 1.474e-01 7.663e-01],,,False,False,True,0,0.3453,2.5,True,[0.0954 0.2861 0.3433 0.206  0.0618 0.0074],[0.0312 0.1562 0.3125 0.3125 0.1562 0.0312]
595,5,5,[0.     0.0119 0.0703 0.1793 0.2606 0.4778],,,False,False,True,1,0.8779,2.5,True,[0.0074 0.0618 0.206  0.3433 0.3815 0.    ],[0.0312 0.1562 0.3125 0.3125 0.1562 0.0312]
596,5,5,[0.     0.     0.0226 0.1197 0.2606 0.597 ],,,False,False,True,2,0.5679,2.5,True,[0.0074 0.0618 0.206  0.7248 0.     0.    ],[0.0312 0.1562 0.3125 0.3125 0.1562 0.0312]
597,5,5,[0.003  0.0238 0.0852 0.1793 0.2457 0.4629],,,False,False,False,0,0.9703,2.5,False,[0.0074 0.0618 0.206  0.3433 0.2861 0.0954],[0.0312 0.1562 0.3125 0.3125 0.1562 0.0312]
598,5,5,[0.     0.0119 0.0703 0.1793 0.2606 0.4778],,,False,False,False,1,0.8779,2.5,False,[0.0074 0.0618 0.206  0.3433 0.3815 0.    ],[0.0312 0.1562 0.3125 0.3125 0.1562 0.0312]
599,5,5,[0.     0.     0.0226 0.1197 0.2606 0.597 ],,,False,False,False,2,0.5679,2.5,False,[0.0074 0.0618 0.206  0.7248 0.     0.    ],[0.0312 0.1562 0.3125 0.3125 0.1562 0.0312]
